cartodb_id|orig_geocode_string|orig_lat|orig_lon|mapzen_lat|mapzen_lon|mapquest_lat|mapquest_lon
336663|Boston, MA 02116|42.35|-71.0766|42.35843|-71.05977|42.3492643|-71.0669955
336659|Atlanta, GA 30326|33.84942|-84.36326|33.749|-84.38798|33.7490987|-84.3901849
537491|ALGARROBO 1041,Capital Federal,Argentina|-34.6548386|-58.3794556|-34.654896|-58.379935|-34.6550792|-58.3799033117504
336666|Chicago, IL 60611|41.89578|-87.61596|41.85003|-87.65005|51.1163375|-0.5411582
537492|ARCOS 2601,Capital Federal,Argentina|-34.5555382|-58.4578514|-34.555556|-58.457949|-34.5555562|-58.4579492
336672|Honolulu, HI 96814|21.29384|-157.84674|21.30694|-157.85833|21.3064938|-157.865126
336671|Hackensack, NJ 07601|40.88606|-74.04446|40.88593|-74.04347|40.8856549|-74.0526406
336673|Honolulu, HI 96815|21.27307|-157.82357|21.30694|-157.85833|21.27092775|-157.818880128951
336680|Manhasset, NY 11030|40.79823|-73.69817|40.79788|-73.69957|40.7978787|-73.6995749
336674|Houston, TX 77506|29.71573|-95.2002|29.76328|-95.36327|29.7589382|-95.3676974
336668|Dallas, TX 75205|32.83385|-96.79462|32.78306|-96.80667|32.7761963|-96.7968994
336679|Malibu, CA 90265|34.03652|-118.68796|34.00501|-118.81009|34.04148005|-118.708806645577
336684|NYC, NY 10012|40.72616|-73.99835|40.68361|-73.9817|40.7197599|-73.9981915
336685|NYC, NY 10014|40.735|-74.00697|40.68361|-73.9817|40.6208914|-73.9861874423412
336683|Nashville, TE 37215|36.0861511|-86.8383179|36.16589|-86.78444|36.1622257|-86.7743419
336681|McClean, VA 22102|38.9365196|-77.1842804|51.554713|9.929956|32.355632|-111.3589649
336682|Naples, FL 34108|26.24336|-81.80715|26.14204|-81.79481|26.1420358|-81.7948103
336686|NYC, NY 10065|40.76745|-73.96311|40.68361|-73.9817|40.6208914|-73.9861874423412
3026785|1006 Balanced Rock Pl. Round Rock, TX 78681 United States|||30.558993|-97.74038|30.5588995|-97.74023225
336697|Scottsdale, AZ 85251|33.494|-111.92069|33.50921|-111.89903|33.5092098|-111.8990297
336701|Troy, MI 48084|42.56238|-83.15449|42.60559|-83.14993|42.6055893|-83.1499304
537494|AVENIDA JURAMENTO 2291,Capital Federal,Argentina|-34.5612259|-58.4555473|-34.561217|-58.455631|-34.5613490702128|-58.455591706383
336700|Toronto, ON M6A 2T9|43.7249527|-79.4570847|43.70011|-79.4163|43.7250939|-79.4574035
537495|AVENIDA PATRICIAS ARGENTINAS 102,Capital Federal,Argentina|-34.6077576|-58.4334183|-34.60696|-58.432498|-34.605026|-58.4336117
537493|AVENIDA CABILDO 3067,Capital Federal,Argentina|-34.5537682|-58.4640121|-34.553738|-58.463938|-34.5537377|-58.4639382
336665|Charlotte, NC 28211|35.17108|-80.79266|35.22709|-80.84313|35.2270869|-80.8431268
537497|CUBA 2410,Capital Federal,Argentina|-34.5580177|-58.4574432|-34.563214|-58.446264|-34.5579964306122|-58.4573820489796
537498|RAMALLO 4656,Capital Federal,Argentina|-34.5525894|-58.4935913|-33.50194|-60.067665|-34.5525989591837|-58.4936020204082
1087622|365 Sunset Dr Dousman  WI 53118|43.0233917|-88.4679108|33.055287|-117.29434|43.0229074|-88.4654249
1087623|365 Westport Ave Norwalk  CT 06851|41.1259384|-73.3920212|32.975491|-117.039209|41.1256820546763|-73.3926466216633
537496|AVENIDA PATRICIAS ARGENTINAS 401,Capital Federal,Argentina|-34.6042862|-58.4348793|-34.6046|-58.4371|-34.605026|-58.4336117
1007605|Cambridge, MA, USA|42|71|42.3751|-71.10561|42.3750997|-71.1056157
336687|Orlando, FL 32839|28.48885|-81.41139|28.53834|-81.37924|28.5421175|-81.3790462
537501|Avenida Caseros 2526, Capital Federal , Argentina|-34.6358452|-58.3978271|-34.6359|-58.3978|-34.6370649|-58.405153
537500|Avenida Amancio Alcorta 3000, Capital Federal , Argentina|-34.648056|-58.4033432|-34.653618|-58.783256|-34.6520298|-58.4073064
537503|Avenida Coronel Roca 5252, Capital Federal , Argentina|-34.6864014|-58.4568024|-34.6784|-58.4665|-34.6718549|-58.4455114
547172|Evansville, IN|37.97708|-87.56405|37.97476|-87.55585|37.9747645|-87.5558483
537504|Avenida Emilio Castro 7680, Capital Federal , Argentina|-34.6564369|-58.5246887|-34.656575|-58.524704|-34.6568208|-58.5255986
537506|Avenida Francisco Beiró 3994, Capital Federal , Argentina|-34.6037407|-58.5080223|-34.613571|-58.52467|-34.6036610816327|-58.5080528979592
537507|Avenida José María Moreno 121, Capital Federal , Argentina|-34.6110153|-58.3683586|-34.628027|-58.433891|-34.6197276938776|-58.4359105510204
537505|Avenida Eva Perón 5251, Capital Federal , Argentina|-34.6597061|-58.4819603|-27.364042|-55.946283|-34.6714596|-58.4974047
537508|Avenida Juramento 2427, Capital Federal , Argentina|-34.5618515|-58.4566078|-34.5621|-58.4571|-34.5584733|-58.4506153
537512|Avenida Santa Fe 1748, Capital Federal , Argentina|-34.5960007|-58.3926048|-46.445132|-67.543643|-34.5959401489796|-58.3925539183673
537511|Avenida San Pedrito 60, Capital Federal , Argentina|-34.6315002|-58.4691086|-34.630814|-58.470256|-34.6315340653061|-58.4691533142857
537514|Avenida Segurola 726, Capital Federal , Argentina|-34.628334|-58.4896622|-34.619517|-58.500348|-34.6282965918367|-58.4896771632653
537509|Avenida Rivadavia 3883, Capital Federal , Argentina|-34.611248|-58.4207497|-34.6113|-58.4209|-34.6113175469388|-58.4207582285714
537517|Corrientes 2937, Capital Federal , Argentina|-34.6042252|-58.4070511|-27.4806|-58.8341|-34.5950982|-58.4446995
537518|Estados Unidos 3275, Capital Federal , Argentina|-34.6215973|-58.4119568|-34.6217|-58.412|-34.6224699|-58.4163824
537522|Quilmes 436, Capital Federal , Argentina|-34.6446114|-58.4172134|-34.6446|-58.4172|-34.647378|-58.4173973
1509704|85, 44|||-37.859134|144.722642|47.2265349|-1.5601437
537521|Porcel de Peralta 750, Capital Federal , Argentina|-34.6293488|-58.5240211|-34.6292|-58.524|-34.6329626|-58.5200267
537520|Parque de la Ciudad , Capital Federal , Argentina|-34.6085091|-58.3734894|-29.440107|-66.89689|-34.67269325|-58.4520305570647
537519|Lisandro de la Torre 39, Capital Federal , Argentina|-34.6394348|-58.5213661|-34.692212|-58.463614|-34.6435626|-58.5206618
537513|Avenida Santa Fe 3259, Capital Federal , Argentina|-34.5883675|-58.4108315|-34.5883|-58.4109|-34.5883213727273|-58.4110188545455
537524|Remedios 3761, Capital Federal , Argentina|-34.6412926|-58.4766731|-34.5803|-58.4607|-34.6409096|-58.4759005
537525|Roma 2, Vicente Lopez , Argentina|-34.4999123|-58.4794044|-32.916249|-68.859596|-34.5019783|-58.4834974
537527|Viamonte 808, Capital Federal , Argentina|-34.6002083|-58.3784561|-34.6002|-58.3783|-34.6001695285714|-58.3784697959184
537516|Congreso 4364, Capital Federal , Argentina|-34.5656586|-58.4821205|-34.5658|-58.4824|-34.5656383589744|-58.4820795128205
547178|Harlingen, TX|26.18986|-97.69555|26.19063|-97.6961|26.1906306|-97.6961026
547177|Greenwood, MS|33.51711|-90.18039|33.51623|-90.17953|33.511422|-90.1764135909027
547183|Kingsport, TN|36.5478|-82.56042|36.54843|-82.56182|36.5484341|-82.5618186
547192|Wilkes Barre, PA|41.24276|-75.8771|41.24591|-75.88131|41.2464824|-75.8817316
537523|Ramallo 4656, Capital Federal , Argentina|-34.5525894|-58.4935913|-33.50194|-60.067665|-34.5525989591837|-58.4936020204082
547180|Idaho Falls, ID|43.492|-112.04199|43.46658|-112.03414|43.4930789|-112.044349
547179|Harrisburg, PA|40.25987|-76.88223|40.2737|-76.88442|40.2663107|-76.8861122
537526|Valdenegro 4281, Capital Federal , Argentina|-34.5549965|-58.4948502|-34.5558|-58.4953|-34.5596248|-58.4916225
642410|Gliwice|||50.29761|18.67658|50.294113|18.6657306
547189|St Louis, MO|38.62775|-90.19956|38.63162|-90.24925|38.6272733|-90.1978889
1509418|596, 44|||22.600171|88.412539|50.1085115|19.0762391
1509417|595, 44|||47.173578|27.553047|65.5743252|22.2015262
1509419|597, 44|||46.23361|6.043208|50.1081653|19.0779562
584046|103 Prince Street New York NY 10012|40.7251015|-73.99897|36.622761|-82.12107|40.7249408571429|-73.9990105714286
547174|Fort Wayne, IN|41.08026|-85.13831|41.1306|-85.12886|41.0799898|-85.1386015
547190|Wausau, WI|44.95954|-89.63031|44.95914|-89.63012|44.9596017|-89.6298239
1509421|599, 44|||50.025206|8.575398|50.1085115|19.0762391
1509422|600, 44|||47.914433|2.282137|50.1085115|19.0762391
1509423|601, 44|||51.441634|7.34454|50.0754566|14.5378747
1509420|598, 44|||47.173206|27.556584|50.1085115|19.0762391
1509424|602, 44|||49.994494|8.257324|50.1085115|19.0762391
1509427|604, 44|||37.578136|126.811221|46.1096456|13.6724384
1509425|603, 44|||34.750536|127.652518|50.1085115|19.0762391
1509429|606, 44|||34.750723|127.652699|46.0987767|13.585955
1509428|605, 44|||50.100347|118.046363|46.140425|13.6612767
1509426|60, 44|||-34.404328|150.874771|14.65031945|120.978668044371
1509430|607, 44|||57.229237|12.177529|50.1081653|19.0779562
1509433|610, 44|||47.902659|2.282719|50.1081653|19.0779562
1509431|608, 44|||1.436157|103.796586|50.1290533|14.4521142
1509432|609, 44|||46.237095|6.036908|50.1085115|19.0762391
3026791|10301 Binky Ln Bonita Springs, FL 34135 United States|26.3624001|-81.7824707|26.362413|-81.782476|26.362032|-81.783397
547187|San Angelo, TX|31.4615|-100.44242|31.46377|-100.43704|31.4319925|-100.454579665498
537531|Dachau|48.25941|11.43434|48.26192|11.4452|48.2588318|11.4339286
1509434|611, 44|||47.901823|2.276752|50.1085115|19.0762391
336828|corpus christi, texas, USA|27.79641|-97.40356|27.80058|-97.39638|27.8002542|-97.3955744
336830|1002 N Chaparral Street, Corpus Christi, TX , Corpus Christi, Texas, USA|27.79641|-97.40356|27.80354|-97.398135|27.8007503597294|-97.3939235340699
336829|1001 N Water Street, Corpus Christi, TX , Corpus Christi, Texas, USA|27.79641|-97.40356|30.566725|-97.832576|27.800866|-97.392979
336833|1014  Mesquite Street, Corpus Christi, TX , Corpus Christi, Texas, USA|27.79641|-97.40356|30.569276|-97.675286|27.793559|-97.3959375
3026788|1015 E. 15th Street Plano, TX 75074 United States|33.0199699|-96.7002487|29.798889|-95.416418|33.0197458994259|-96.7006574195194
336834|1015 N Chaparral Street, Corpus Christi, TX , Corpus Christi, Texas, USA|27.79641|-97.40356|27.80354|-97.398135|27.8008092337023|-97.3941232716158
336835|101 N Chaparral Street, Corpus Christi, TX , Corpus Christi, Texas, USA|27.79641|-97.40356|27.80354|-97.398135|27.792058|-97.395389
336838|101 N Water Street, Corpus Christi, TX , Corpus Christi, Texas, USA|27.79641|-97.40356|30.715409|-97.705795|27.79181|-97.39425
1509705|854, 44|||1.439791|103.79308|50.1081653|19.0779562
336839|102  Mesquite Street, Corpus Christi, TX , Corpus Christi, Texas, USA|27.79641|-97.40356|30.71594|-97.444538|27.793559|-97.3959375
336841|104 N Chaparral Street, Corpus Christi, TX , Corpus Christi, Texas, USA|27.79641|-97.40356|27.80354|-97.398135|27.792056722458|-97.3951957591807
336840|103 N Water Street, Corpus Christi, TX , Corpus Christi, Texas, USA|27.79641|-97.40356|30.71552|-97.705575|27.7918314285714|-97.3942428571429
336843|107 N Water Street, Corpus Christi, TX , Corpus Christi, Texas, USA|27.79641|-97.40356|30.715672|-97.705081|27.7918742857143|-97.3942285714286
336845|109 N Chaparral Street, Corpus Christi, TX , Corpus Christi, Texas, USA|27.79641|-97.40356|27.80354|-97.398135|27.7921493846647|-97.3953583380401
336842|106 N Chaparral Street, Corpus Christi, TX , Corpus Christi, Texas, USA|27.79641|-97.40356|27.80354|-97.398135|27.792079583687|-97.395188138771
336844|108  Mesquite Street, Corpus Christi, TX , Corpus Christi, Texas, USA|27.79641|-97.40356|29.886615|-95.323071|27.793559|-97.3959375
336846|1100  Mesquite Street, Corpus Christi, TX , Corpus Christi, Texas, USA|27.79641|-97.40356|29.769085|-94.952668|27.801144|-97.395142
336848|1111  Mesquite Street, Corpus Christi, TX , Corpus Christi, Texas, USA|27.79641|-97.40356|29.886615|-95.323071|27.80117075|-97.3953373333333
336849|1120 N Tancahua Street, Corpus Christi, TX , Corpus Christi, Texas, USA|27.79641|-97.40356|29.802338|-95.387011|27.8013013169989|-97.3974493505036
336850|113 N Chaparral Street, Corpus Christi, TX , Corpus Christi, Texas, USA|27.79641|-97.40356|27.80354|-97.398135|27.792195076997|-97.3953430070602
336851|113 N Water Street, Corpus Christi, TX , Corpus Christi, Texas, USA|27.79641|-97.40356|30.641424|-97.571686|27.7919385714286|-97.3942071428571
336852|116  Mesquite Street, Corpus Christi, TX , Corpus Christi, Texas, USA|27.79641|-97.40356|29.625159|-98.03839|27.793559|-97.3959375
336855|1201  Mesquite Street, Corpus Christi, TX , Corpus Christi, Texas, USA|27.79641|-97.40356|29.768749|-94.951861|27.802459|-97.395612
336853|117 N Chaparral Street, Corpus Christi, TX , Corpus Christi, Texas, USA|27.79641|-97.40356|27.80354|-97.398135|27.7922407820607|-97.3953277141026
336854|118 N Chaparral Street, Corpus Christi, TX , Corpus Christi, Texas, USA|27.79641|-97.40356|27.80354|-97.398135|27.7922167380889|-97.3951423774445
336856|1201 N Chaparral Street, Corpus Christi, TX , Corpus Christi, Texas, USA|27.79641|-97.40356|30.561182|-97.852125|27.802631|-97.394499
336857|1201 N Water Street, Corpus Christi, TX , Corpus Christi, Texas, USA|27.79641|-97.40356|29.754385|-98.12769|27.802812|-97.393365
336861|1207  Mesquite Street, Corpus Christi, TX , Corpus Christi, Texas, USA|27.79641|-97.40356|29.768867|-94.951197|27.8025039998177|-97.3956212465379
336859|1205  Mesquite Street, Corpus Christi, TX , Corpus Christi, Texas, USA|27.79641|-97.40356|29.768829|-94.95142|27.8024889998785|-97.3956181643586
336858|1202 N Chaparral Street, Corpus Christi, TX , Corpus Christi, Texas, USA|27.79641|-97.40356|30.561097|-97.851494|27.8026772079055|-97.3943194017683
336860|1206 N Chaparral Street, Corpus Christi, TX , Corpus Christi, Texas, USA|27.79641|-97.40356|30.560664|-97.851136|27.8027076237164|-97.394326205305
336862|120  Mesquite Street, Corpus Christi, TX , Corpus Christi, Texas, USA|27.79641|-97.40356|29.886615|-95.323071|27.793559|-97.3959375
537535|Kil|59.50429|13.31934|59.50234|13.31277|54.3216753|10.1371858
336865|1215  Mesquite Street, Corpus Christi, TX , Corpus Christi, Texas, USA|27.79641|-97.40356|29.680691|-98.127741|27.8025640061851|-97.3956335430021
336867|1216 N Chaparral Street, Corpus Christi, TX , Corpus Christi, Texas, USA|27.79641|-97.40356|27.80354|-97.398135|27.8027837257997|-97.3943429303504
336864|1214 N Chaparral Street, Corpus Christi, TX , Corpus Christi, Texas, USA|27.79641|-97.40356|27.80354|-97.398135|27.8027684970603|-97.394339623099
336866|1216  Mesquite Street, Corpus Christi, TX , Corpus Christi, Texas, USA|27.79641|-97.40356|29.886615|-95.323071|27.8026080168166|-97.3954544071857
336863|120 N Chaparral Street, Corpus Christi, TX , Corpus Christi, Texas, USA|27.79641|-97.40356|27.80354|-97.398135|27.7922395936961|-97.39513474019
336868|1217  Mesquite Street, Corpus Christi, TX , Corpus Christi, Texas, USA|27.79641|-97.40356|29.886615|-95.323071|27.802579009223|-97.3956366100626
336872|1222 N Chaparral Street, Corpus Christi, TX , Corpus Christi, Texas, USA|27.79641|-97.40356|27.80354|-97.398135|27.802829412018|-97.3943528521049
336869|1218 N Chaparral Street, Corpus Christi, TX , Corpus Christi, Texas, USA|27.79641|-97.40356|27.80354|-97.398135|27.8027989545391|-97.3943462376019
336870|1218 N Water Street, Corpus Christi, TX , Corpus Christi, Texas, USA|27.79641|-97.40356|33.013914|-97.025398|27.8029795275018|-97.3932123032436
336877|1301  Mesquite Street, Corpus Christi, TX , Corpus Christi, Texas, USA|27.79641|-97.40356|29.768948|-94.950781|27.803437|-97.395812
336874|1224 N Chaparral Street, Corpus Christi, TX , Corpus Christi, Texas, USA|27.79641|-97.40356|27.80354|-97.398135|27.8028446407574|-97.3943561593564
336873|1224  Mesquite Street, Corpus Christi, TX , Corpus Christi, Texas, USA|27.79641|-97.40356|30.471722|-97.827424|27.8026680127399|-97.3954666721104
336876|128  Mesquite Street, Corpus Christi, TX , Corpus Christi, Texas, USA|27.79641|-97.40356|29.886615|-95.323071|27.793559|-97.3959375
336875|127 N Chaparral Street, Corpus Christi, TX , Corpus Christi, Texas, USA|27.79641|-97.40356|27.80354|-97.398135|27.7923550601565|-97.3952895278101
336880|1302  Mesquite Street, Corpus Christi, TX , Corpus Christi, Texas, USA|27.79641|-97.40356|29.769442|-94.95069|27.8034807445172|-97.3956320717744
336882|1305  Mesquite Street, Corpus Christi, TX , Corpus Christi, Texas, USA|27.79641|-97.40356|29.769027|-94.950371|27.8034665451485|-97.3958178258039
336878|1301 N Chaparral Street, Corpus Christi, TX , Corpus Christi, Texas, USA|27.79641|-97.40356|30.560103|-97.851851|27.80362|-97.394713
336881|1302 N Chaparral Street, Corpus Christi, TX , Corpus Christi, Texas, USA|27.79641|-97.40356|30.560091|-97.851057|27.8036654925774|-97.3945341505603
336879|1301 N Water Street, Corpus Christi, TX , Corpus Christi, Texas, USA|27.79641|-97.40356|29.754262|-98.129388|27.803798|-97.393578
336887|1307  Mesquite Street, Corpus Christi, TX , Corpus Christi, Texas, USA|27.79641|-97.40356|29.769064|-94.95017|27.8034813177227|-97.3958207387059
336886|1306 N Chaparral Street, Corpus Christi, TX , Corpus Christi, Texas, USA|27.79641|-97.40356|27.80354|-97.398135|27.8036944777321|-97.3945404516809
336885|1306 N Broadway Street, Corpus Christi, TX , Corpus Christi, Texas, USA|27.79641|-97.40356|30.631937|-97.681763|27.8033370321941|-97.3967000654517
336884|1305 N Water Street, Corpus Christi, TX , Corpus Christi, Texas, USA|27.79641|-97.40356|30.538833|-97.654929|27.803828370689|-97.3935839942149
1509706|855, 44|||51.060622|13.953974|65.4983198|25.9473203
336889|1309  Mesquite Street, Corpus Christi, TX , Corpus Christi, Texas, USA|27.79641|-97.40356|29.769102|-94.949971|27.8034960902969|-97.3958236516078
336892|1310 N Chaparral Street, Corpus Christi, TX , Corpus Christi, Texas, USA|27.79641|-97.40356|27.80354|-97.398135|27.8037234617888|-97.3945467578347
336888|1308  Mesquite Street, Corpus Christi, TX , Corpus Christi, Texas, USA|27.79641|-97.40356|29.769557|-94.950072|27.8035249780689|-97.3956412870977
336890|1309 N Chaparral Street, Corpus Christi, TX , Corpus Christi, Texas, USA|27.79641|-97.40356|27.80354|-97.398135|27.803677853724|-97.3947257618509
336891|1310  Mesquite Street, Corpus Christi, TX , Corpus Christi, Texas, USA|27.79641|-97.40356|30.470605|-97.828143|27.8035397241306|-97.3956443513772
336897|1315 N Chaparral Street, Corpus Christi, TX , Corpus Christi, Texas, USA|27.79641|-97.40356|27.80354|-97.398135|27.8037212556853|-97.3947352801412
336894|1314 N Chaparral Street, Corpus Christi, TX , Corpus Christi, Texas, USA|27.79641|-97.40356|27.80354|-97.398135|27.8037524377529|-97.3945531010843
336896|1315  Mesquite Street, Corpus Christi, TX , Corpus Christi, Texas, USA|27.79641|-97.40356|30.470599|-97.828752|27.8035403667165|-97.3958325963256
336893|1312 N Broadway Street, Corpus Christi, TX , Corpus Christi, Texas, USA|27.79641|-97.40356|33.222752|-97.14673|27.8033810546245|-97.3967091780468
336895|1314 N Water Street, Corpus Christi, TX , Corpus Christi, Texas, USA|27.79641|-97.40356|30.538404|-97.654325|27.8039341722561|-97.3934174326637
336899|1318  Mesquite Street, Corpus Christi, TX , Corpus Christi, Texas, USA|27.79641|-97.40356|29.678391|-98.127189|27.8035987550782|-97.3956563818639
336902|1319  Mesquite Street, Corpus Christi, TX , Corpus Christi, Texas, USA|27.79641|-97.40356|30.470285|-97.828953|27.8035698742104|-97.3958386099427
336898|1316 N Chaparral Street, Corpus Christi, TX , Corpus Christi, Texas, USA|27.79641|-97.40356|27.80354|-97.398135|27.803766925735|-97.3945562727091
336900|1318 N Broadway Street, Corpus Christi, TX , Corpus Christi, Texas, USA|27.79641|-97.40356|29.836518|-95.357545|27.8034250653917|-97.3967183469566
336901|1318 N Water Street, Corpus Christi, TX , Corpus Christi, Texas, USA|27.79641|-97.40356|30.53838|-97.654013|27.8039644954268|-97.3934238975022
3026792|1048 Augusta Dr Houston, TX 77057 United States|||29.758239|-95.483461|29.7569457704918|-95.4828287786885
336903|1319 N Chaparral Street, Corpus Christi, TX , Corpus Christi, Texas, USA|27.79641|-97.40356|27.80354|-97.398135|27.8037501927003|-97.3947416148643
336906|1323 N Chaparral Street, Corpus Christi, TX , Corpus Christi, Texas, USA|27.79641|-97.40356|27.80354|-97.398135|27.8037791297153|-97.3947479495874
336905|1321 N Water Street, Corpus Christi, TX , Corpus Christi, Texas, USA|27.79641|-97.40356|33.181231|-96.917504|27.8039496173052|-97.3936091214559
336904|1320  Mesquite Street, Corpus Christi, TX , Corpus Christi, Texas, USA|27.79641|-97.40356|30.469842|-97.828689|27.803613512815|-97.3956593894856
336907|1324  Mesquite Street, Corpus Christi, TX , Corpus Christi, Texas, USA|27.79641|-97.40356|29.677957|-98.126931|27.8036430282888|-97.395665404729
336908|1401  Mesquite Street, Corpus Christi, TX , Corpus Christi, Texas, USA|27.79641|-97.40356|29.888005|-95.368556|27.804403|-97.396009
336911|1402 N Chaparral Street, Corpus Christi, TX , Corpus Christi, Texas, USA|27.79641|-97.40356|30.559248|-97.850658|27.804618334393|-97.3947422282933
336910|1401 N Water Street, Corpus Christi, TX , Corpus Christi, Texas, USA|27.79641|-97.40356|29.753834|-98.130893|27.804781|-97.393789
336912|1403 N Chaparral Street, Corpus Christi, TX , Corpus Christi, Texas, USA|27.79641|-97.40356|30.559088|-97.851225|27.8045873428378|-97.3949241881221
336913|1405 N Chaparral Street, Corpus Christi, TX , Corpus Christi, Texas, USA|27.79641|-97.40356|30.55886|-97.851154|27.8046026856756|-97.3949273762443
336914|1405 N Water Street, Corpus Christi, TX , Corpus Christi, Texas, USA|27.79641|-97.40356|33.181235|-96.916273|27.8048096380005|-97.3937958389255
336915|1407  Mesquite Street, Corpus Christi, TX , Corpus Christi, Texas, USA|27.79641|-97.40356|29.76925|-94.949156|27.8044480797747|-97.396017528606
336916|1408  Mesquite Street, Corpus Christi, TX , Corpus Christi, Texas, USA|27.79641|-97.40356|29.886615|-95.323071|27.8044919209268|-97.3958383125192
336921|1416  Mesquite Street, Corpus Christi, TX , Corpus Christi, Texas, USA|27.79641|-97.40356|29.886615|-95.323071|27.8045518979979|-97.3958503476418
336918|1410 N Chaparral Street, Corpus Christi, TX , Corpus Christi, Texas, USA|27.79641|-97.40356|27.80354|-97.398135|27.8046796716653|-97.3947551428836
336917|1409 N Chaparral Street, Corpus Christi, TX , Corpus Christi, Texas, USA|27.79641|-97.40356|27.80354|-97.398135|27.8046333713512|-97.3949337524886
336919|1415 N Chaparral Street, Corpus Christi, TX , Corpus Christi, Texas, USA|27.79641|-97.40356|27.80354|-97.398135|27.8046793696522|-97.3949434605458
336920|1415 N Water Street, Corpus Christi, TX , Corpus Christi, Texas, USA|27.79641|-97.40356|29.796473|-95.491445|27.804881251499|-97.393812858379
336924|1420  Mesquite Street, Corpus Christi, TX , Corpus Christi, Texas, USA|27.79641|-97.40356|29.886615|-95.323071|27.8045818943717|-97.3958563264761
336923|1419  Mesquite Street, Corpus Christi, TX , Corpus Christi, Texas, USA|27.79641|-97.40356|29.886615|-95.323071|27.8045381233197|-97.3960351830126
336926|1421 N Chaparral Street, Corpus Christi, TX , Corpus Christi, Texas, USA|27.79641|-97.40356|27.80354|-97.398135|27.8047253524209|-97.3949532424748
336922|1418 N Broadway Street, Corpus Christi, TX , Corpus Christi, Texas, USA|27.79641|-97.40356|29.79645|-95.490778|27.8043898400216|-97.3969308071212
336925|1421  Mesquite Street, Corpus Christi, TX , Corpus Christi, Texas, USA|27.79641|-97.40356|29.886615|-95.323071|27.8045531214466|-97.3960381724178
336928|1422  Mesquite Street, Corpus Christi, TX , Corpus Christi, Texas, USA|27.79641|-97.40356|29.886615|-95.323071|27.8045968925586|-97.3958593158933
336930|1446 N Tancahua Street, Corpus Christi, TX , Corpus Christi, Texas, USA|27.79641|-97.40356|33.09789|-98.569803|27.8043027501705|-97.3980612189245
336929|1422 N Chaparral Street, Corpus Christi, TX , Corpus Christi, Texas, USA|27.79641|-97.40356|27.80354|-97.398135|27.8047716369579|-97.3947747066895
336927|1421 N Water Street, Corpus Christi, TX , Corpus Christi, Texas, USA|27.79641|-97.40356|33.181237|-96.915601|27.8049242324093|-97.3938230161249
336931|201 N Chaparral Street, Corpus Christi, TX , Corpus Christi, Texas, USA|27.79641|-97.40356|27.80354|-97.398135|27.793416|-97.394932
336936|202  Mesquite Street, Corpus Christi, TX , Corpus Christi, Texas, USA|27.79641|-97.40356|29.886615|-95.323071|27.793559|-97.3959375
336934|201 S Chaparral Street, Corpus Christi, TX , Corpus Christi, Texas, USA|27.79641|-97.40356|27.810482|-97.395059|27.791239|-97.395633
336933|201 N Tancahua Street, Corpus Christi, TX , Corpus Christi, Texas, USA|27.79641|-97.40356|29.82864|-95.0595|27.8002251|-97.3992184
336940|208  Mesquite Street, Corpus Christi, TX , Corpus Christi, Texas, USA|27.79641|-97.40356|29.692342|-98.137146|27.793559|-97.3959375
336939|206 S Tancahua Street, Corpus Christi, TX , Corpus Christi, Texas, USA|27.79641|-97.40356|29.736316|-95.258126|27.7907885684157|-97.3984635911411
336941|208 N Water Street, Corpus Christi, TX , Corpus Christi, Texas, USA|27.79641|-97.40356|30.64547|-97.794686|27.7931085306122|-97.3936223265306
336937|205 S Carancahua Street, Corpus Christi, TX , Corpus Christi, Texas, USA|27.79641|-97.40356|28.69666|-96.38969|27.7915894090149|-97.397682647614
341461|M30 0TU, UK|53.4825096|-2.33904|43.607892|1.366986|53.4829948|-2.3379921
336943|209 S Carancahua Street, Corpus Christi, TX , Corpus Christi, Texas, USA|27.79641|-97.40356|28.69666|-96.38969|27.7915538180299|-97.397682295228
336942|209 N Water Street, Corpus Christi, TX , Corpus Christi, Texas, USA|27.79641|-97.40356|30.645699|-97.793814|27.7931555306122|-97.3938003265306
336946|210 N Water Street, Corpus Christi, TX , Corpus Christi, Texas, USA|27.79641|-97.40356|30.645226|-97.794319|27.7931231632653|-97.3936174081633
336944|210 N Carancahua Street, Corpus Christi, TX , Corpus Christi, Texas, USA|27.79641|-97.40356|28.69666|-96.38969|27.7924923469388|-97.3974822857143
336948|213  Mesquite Street, Corpus Christi, TX , Corpus Christi, Texas, USA|27.79641|-97.40356|29.886615|-95.323071|27.7922480134228|-97.3963112885906
336950|214  Mesquite Street, Corpus Christi, TX , Corpus Christi, Texas, USA|27.79641|-97.40356|29.886615|-95.323071|27.793559|-97.3959375
336951|216  Mesquite Street, Corpus Christi, TX , Corpus Christi, Texas, USA|27.79641|-97.40356|29.886615|-95.323071|27.793559|-97.3959375
336947|210 S Tancahua Street, Corpus Christi, TX , Corpus Christi, Texas, USA|27.79641|-97.40356|30.566704|-97.548123|27.7908242806928|-97.3984646519018
336949|213 S Chaparral Street, Corpus Christi, TX , Corpus Christi, Texas, USA|27.79641|-97.40356|30.715866|-97.90507|27.7912092307692|-97.3956400384615
336952|218 N Chaparral Street, Corpus Christi, TX , Corpus Christi, Texas, USA|27.79641|-97.40356|27.80354|-97.398135|27.7934930639031|-97.3947075431919
336956|221 S Water Street, Corpus Christi, TX , Corpus Christi, Texas, USA|27.79641|-97.40356|30.17174|-98.001825|27.7910441852075|-97.3945333750193
336953|218 N Water Street, Corpus Christi, TX , Corpus Christi, Texas, USA|27.79641|-97.40356|37.925765|-122.388571|27.7931816938776|-97.3935977346939
336961|224  Mesquite Street, Corpus Christi, TX , Corpus Christi, Texas, USA|27.79641|-97.40356|29.886615|-95.323071|27.793559|-97.3959375
336960|223 N Chaparral Street, Corpus Christi, TX , Corpus Christi, Texas, USA|27.79641|-97.40356|27.80354|-97.398135|27.7935723881953|-97.3948736397917
336957|222 N Chaparral Street, Corpus Christi, TX , Corpus Christi, Texas, USA|27.79641|-97.40356|27.80354|-97.398135|27.7935214918694|-97.3946969144889
336958|222  Power Street, Corpus Christi, TX , Corpus Christi, Texas, USA|27.79641|-97.40356|41.823855|-71.391621|27.8038263906327|-97.3931359487515
336966|300 S Chaparral Street, Corpus Christi, TX , Corpus Christi, Texas, USA|27.79641|-97.40356|29.544316|-97.982265|27.7907|-97.395589
336962|225 S Carancahua Street, Corpus Christi, TX , Corpus Christi, Texas, USA|27.79641|-97.40356|28.69666|-96.38969|27.7914114505732|-97.3976813290645
336964|227 N Water Street, Corpus Christi, TX , Corpus Christi, Texas, USA|27.79641|-97.40356|44.902843|-93.566215|27.7932872244898|-97.3937560612245
336963|226 S Tancahua Street, Corpus Christi, TX , Corpus Christi, Texas, USA|27.79641|-97.40356|29.700398|-95.243478|27.7909670926655|-97.3984699908375
336968|301  Mesquite Street, Corpus Christi, TX , Corpus Christi, Texas, USA|27.79641|-97.40356|30.715806|-97.440454|27.793559|-97.3959375
336969|301 N Chaparral Street, Corpus Christi, TX , Corpus Christi, Texas, USA|27.79641|-97.40356|30.187992|-97.77755|27.794348|-97.394588
336970|301 N Water Street, Corpus Christi, TX , Corpus Christi, Texas, USA|27.79641|-97.40356|30.51185|-97.805767|27.794052|-97.393494
336976|306 N Chaparral Street, Corpus Christi, TX , Corpus Christi, Texas, USA|27.79641|-97.40356|27.80354|-97.398135|27.7943419117306|-97.3943951429862
336972|302 N Chaparral Street, Corpus Christi, TX , Corpus Christi, Texas, USA|27.79641|-97.40356|30.188347|-97.777138|27.7943126372435|-97.3944057143287
336973|302 S Chaparral Street, Corpus Christi, TX , Corpus Christi, Texas, USA|27.79641|-97.40356|30.188347|-97.777138|27.7906645397584|-97.3956025026543
336975|305 N Water Street, Corpus Christi, TX , Corpus Christi, Texas, USA|27.79641|-97.40356|30.511374|-97.805674|27.7940808584425|-97.3934834321197
336979|309  Mesquite Street, Corpus Christi, TX , Corpus Christi, Texas, USA|27.79641|-97.40356|29.886615|-95.323071|27.793559|-97.3959375
336980|309 N Chaparral Street, Corpus Christi, TX , Corpus Christi, Texas, USA|27.79641|-97.40356|27.80354|-97.398135|27.7944067321048|-97.3945676069081
336977|307 S Chaparral Street, Corpus Christi, TX , Corpus Christi, Texas, USA|27.79641|-97.40356|27.810482|-97.395059|27.790752|-97.395765
336981|309 N Water Street, Corpus Christi, TX , Corpus Christi, Texas, USA|27.79641|-97.40356|33.217985|-97.101738|27.794109716885|-97.3934728642393
336985|310  Mesquite Street, Corpus Christi, TX , Corpus Christi, Texas, USA|27.79641|-97.40356|29.689341|-98.133954|27.793559|-97.3959375
336984|309 S Water Street, Corpus Christi, TX , Corpus Christi, Texas, USA|27.79641|-97.40356|33.217985|-97.101738|27.7903397822902|-97.3947747509219
642412|Warschau|||52.486562|13.429407|52.2319237|21.0067265
336982|309 S Chaparral Street, Corpus Christi, TX , Corpus Christi, Texas, USA|27.79641|-97.40356|27.810482|-97.395059|27.7905547188912|-97.3958401212763
336989|314  Mesquite Street, Corpus Christi, TX , Corpus Christi, Texas, USA|27.79641|-97.40356|29.886615|-95.323071|27.793559|-97.3959375
336991|314  Twigg Street, Corpus Christi, TX , Corpus Christi, Texas, USA|27.79641|-97.40356|29.828252|-95.395572|27.7998681399977|-97.3929365728086
336987|312 N Chaparral Street, Corpus Christi, TX , Corpus Christi, Texas, USA|27.79641|-97.40356|27.80354|-97.398135|27.7943858577975|-97.394379381967
336988|313 N Water Street, Corpus Christi, TX , Corpus Christi, Texas, USA|27.79641|-97.40356|31.842491|-106.550512|27.7941385744498|-97.3934622939626
336990|314 N Chaparral Street, Corpus Christi, TX , Corpus Christi, Texas, USA|27.79641|-97.40356|27.80354|-97.398135|27.7944005268033|-97.3943741850941
336994|316 N Chaparral Street, Corpus Christi, TX , Corpus Christi, Texas, USA|27.79641|-97.40356|27.80354|-97.398135|27.7944151958091|-97.3943689882212
336996|317 N Chaparral Street, Corpus Christi, TX , Corpus Christi, Texas, USA|27.79641|-97.40356|27.80354|-97.398135|27.7944653641636|-97.3945469285773
336995|317  Mesquite Street, Corpus Christi, TX , Corpus Christi, Texas, USA|27.79641|-97.40356|38.885663|-94.86183|27.793559|-97.3959375
336992|315 N Chaparral Street, Corpus Christi, TX , Corpus Christi, Texas, USA|27.79641|-97.40356|27.80354|-97.398135|27.794450713448|-97.3945521189704
336993|316  Lawrence Street, Corpus Christi, TX , Corpus Christi, Texas, USA|27.79641|-97.40356|41.668174|-86.185467|27.7950056575168|-97.3933449889191
337001|319  Mesquite Street, Corpus Christi, TX , Corpus Christi, Texas, USA|27.79641|-97.40356|32.312337|-106.775264|27.793559|-97.3959375
336998|317  Peoples Street, Corpus Christi, TX , Corpus Christi, Texas, USA|27.79641|-97.40356|30.267773|-97.718531|27.7967166376396|-97.3929911632055
337000|317 S Chaparral Street, Corpus Christi, TX , Corpus Christi, Texas, USA|27.79641|-97.40356|27.810482|-97.395059|27.7897660096729|-97.3961416942862
336997|317 N Water Street, Corpus Christi, TX , Corpus Christi, Texas, USA|27.79641|-97.40356|30.51061|-97.804383|27.794167431266|-97.3934517216424
336999|317 S Carancahua Street, Corpus Christi, TX , Corpus Christi, Texas, USA|27.79641|-97.40356|28.69666|-96.38969|27.7889688571429|-97.3976314285714
337004|321  Mesquite Street, Corpus Christi, TX , Corpus Christi, Texas, USA|27.79641|-97.40356|32.312516|-106.775307|27.793559|-97.3959375
337002|319  Peoples Street, Corpus Christi, TX , Corpus Christi, Texas, USA|27.79641|-97.40356|30.267773|-97.718531|27.7967168417825|-97.3930081836129
337003|320 N Chaparral Street, Corpus Christi, TX , Corpus Christi, Texas, USA|27.79641|-97.40356|27.80354|-97.398135|27.7944445338207|-97.3943585944754
337006|321 S Water Street, Corpus Christi, TX , Corpus Christi, Texas, USA|27.79641|-97.40356|33.218513|-97.101717|27.7901685223221|-97.3948211231106
337005|321 N Water Street, Corpus Christi, TX , Corpus Christi, Texas, USA|27.79641|-97.40356|33.218513|-97.101717|27.7941962880823|-97.3934411493221
337011|325  Mesquite Street, Corpus Christi, TX , Corpus Christi, Texas, USA|27.79641|-97.40356|32.312568|-106.775409|27.793559|-97.3959375
337007|322  Mann Street, Corpus Christi, TX , Corpus Christi, Texas, USA|27.79641|-97.40356|47.099667|-104.712654|27.8007926421294|-97.393206948987
337010|323 N Chaparral Street, Corpus Christi, TX , Corpus Christi, Texas, USA|27.79641|-97.40356|27.80354|-97.398135|27.7945093163101|-97.394531357398
337008|322 N Chaparral Street, Corpus Christi, TX , Corpus Christi, Texas, USA|27.79641|-97.40356|27.80354|-97.398135|27.7944592028264|-97.3943533976025
337009|323 N Carancahua Street, Corpus Christi, TX , Corpus Christi, Texas, USA|27.79641|-97.40356|28.69666|-96.38969|27.79299955|-97.39765695
337016|330 S Chaparral Street, Corpus Christi, TX , Corpus Christi, Texas, USA|27.79641|-97.40356|30.638371|-97.774508|27.7901681904695|-97.3957917865544
337013|326 N Chaparral Street, Corpus Christi, TX , Corpus Christi, Texas, USA|27.79641|-97.40356|27.80354|-97.398135|27.794488540838|-97.3943430038567
337014|326 S Chaparral Street, Corpus Christi, TX , Corpus Christi, Texas, USA|27.79641|-97.40356|27.810482|-97.395059|27.7902390843562|-97.3957647115022
337012|325 S Chaparral Street, Corpus Christi, TX , Corpus Christi, Texas, USA|27.79641|-97.40356|27.810482|-97.395059|27.78897|-97.396402
337015|329 S Water Street, Corpus Christi, TX , Corpus Christi, Texas, USA|27.79641|-97.40356|33.21888|-97.101702|27.7900544027049|-97.3948522360886
337018|334 S Chaparral Street, Corpus Christi, TX , Corpus Christi, Texas, USA|27.79641|-97.40356|27.810482|-97.395059|27.7900972965828|-97.3958188616066
337017|333 S Water Street, Corpus Christi, TX , Corpus Christi, Texas, USA|27.79641|-97.40356|31.843338|-106.550899|27.7899973428962|-97.3948677925776
337020|345 S Carancahua Street, Corpus Christi, TX , Corpus Christi, Texas, USA|27.79641|-97.40356|28.69666|-96.38969|27.7890596071429|-97.3976356785714
337022|345 S Water Street, Corpus Christi, TX , Corpus Christi, Texas, USA|27.79641|-97.40356|29.674628|-98.144977|27.7898261634704|-97.3949144620447
337023|400  Mann Street, Corpus Christi, TX , Corpus Christi, Texas, USA|27.79641|-97.40356|37.082325|-77.991192|27.800658|-97.394145
337024|401 N Carancahua Street, Corpus Christi, TX , Corpus Christi, Texas, USA|27.79641|-97.40356|28.69666|-96.38969|27.793304|-97.397648
337025|401 N Chaparral Street, Corpus Christi, TX , Corpus Christi, Texas, USA|27.79641|-97.40356|30.187656|-97.776821|27.795302|-97.394249
337027|401 N Water Street, Corpus Christi, TX , Corpus Christi, Texas, USA|27.79641|-97.40356|33.219068|-97.101694|27.794994|-97.393153
337029|401 S Water Street, Corpus Christi, TX , Corpus Christi, Texas, USA|27.79641|-97.40356|33.219068|-97.101694|27.788813|-97.395188
337031|402 N Chaparral Street, Corpus Christi, TX , Corpus Christi, Texas, USA|27.79641|-97.40356|30.188058|-97.776429|27.7952652898003|-97.3940676154375
337033|402  Peoples Street, Corpus Christi, TX , Corpus Christi, Texas, USA|27.79641|-97.40356|30.267773|-97.718531|27.796891|-97.3939833878724
337032|402 N Water Street, Corpus Christi, TX , Corpus Christi, Texas, USA|27.79641|-97.40356|30.51061|-97.802971|27.794961463595|-97.3929700410532
337036|406 N Water Street, Corpus Christi, TX , Corpus Christi, Texas, USA|27.79641|-97.40356|31.79901|-106.261141|27.7949903907849|-97.3929601231595
337035|406 N Carancahua Street, Corpus Christi, TX , Corpus Christi, Texas, USA|27.79641|-97.40356|28.69666|-96.38969|27.793084|-97.397471
337037|408 N Chaparral Street, Corpus Christi, TX , Corpus Christi, Texas, USA|27.79641|-97.40356|30.56494|-97.873678|27.7953081592014|-97.3940514617502
337039|409  Peoples Street, Corpus Christi, TX , Corpus Christi, Texas, USA|27.79641|-97.40356|30.267773|-97.718531|27.796727|-97.3940356326531
337038|409 N Carancahua Street, Corpus Christi, TX , Corpus Christi, Texas, USA|27.79641|-97.40356|28.69666|-96.38969|27.7933648429581|-97.3976455662817
337040|409 S Carancahua Street, Corpus Christi, TX , Corpus Christi, Texas, USA|27.79641|-97.40356|28.69666|-96.38969|27.7892670357143|-97.3976453928571
337041|409 S Tancahua Street, Corpus Christi, TX , Corpus Christi, Texas, USA|27.79641|-97.40356|30.507231|-97.68272|27.7884127358034|-97.3986442851373
337042|410 N Chaparral Street, Corpus Christi, TX , Corpus Christi, Texas, USA|27.79641|-97.40356|30.564784|-97.87363|27.7953224549142|-97.3940460930335
337043|410 N Water Street, Corpus Christi, TX , Corpus Christi, Texas, USA|27.79641|-97.40356|29.673004|-98.143735|27.7950193226298|-97.3929502189748
337044|410  Peoples Street, Corpus Christi, TX , Corpus Christi, Texas, USA|27.79641|-97.40356|30.267773|-97.718531|27.796891|-97.3940529393619
337046|411  Palo Alto Street, Corpus Christi, TX , Corpus Christi, Texas, USA|27.79641|-97.40356|29.720223|-95.299639|27.8042493405665|-97.3956567947474
337047|411  Taylor Street, Corpus Christi, TX , Corpus Christi, Texas, USA|27.79641|-97.40356|40.532898|-83.524809|27.7987110527855|-97.3940392037943
337049|414 S Tancahua Street, Corpus Christi, TX , Corpus Christi, Texas, USA|27.79641|-97.40356|30.244792|-97.75626|27.7888342222222|-97.3984597777778
337050|415 N Water Street, Corpus Christi, TX , Corpus Christi, Texas, USA|27.79641|-97.40356|45.032827|-110.710559|27.7950948670941|-97.3931190267124
337051|416  Mesquite Street, Corpus Christi, TX , Corpus Christi, Texas, USA|27.79641|-97.40356|38.886962|-94.861495|27.793559|-97.3959375
337048|413  Fitzgerald Street, Corpus Christi, TX , Corpus Christi, Texas, USA|27.79641|-97.40356|39.919163|-75.154581|27.8052332906485|-97.3958359379552
337052|416 N Chaparral Street, Corpus Christi, TX , Corpus Christi, Texas, USA|27.79641|-97.40356|27.80354|-97.398135|27.7953654278118|-97.3940302167232
337054|416  Palo Alto Street, Corpus Christi, TX , Corpus Christi, Texas, USA|27.79641|-97.40356|29.720223|-95.299639|27.8044190082111|-97.395639144851
337056|417 S Carancahua Street, Corpus Christi, TX , Corpus Christi, Texas, USA|27.79641|-97.40356|28.69666|-96.38969|27.788646458083|-97.3976154364521
337055|417 N Chaparral Street, Corpus Christi, TX , Corpus Christi, Texas, USA|27.79641|-97.40356|30.564218|-97.873949|27.7954165279638|-97.3942066492682
337053|416 N Water Street, Corpus Christi, TX , Corpus Christi, Texas, USA|27.79641|-97.40356|33.219934|-97.101155|27.7950628005534|-97.3929355987576
337058|418  Peoples Street, Corpus Christi, TX , Corpus Christi, Texas, USA|27.79641|-97.40356|30.267773|-97.718531|27.796891|-97.3941224908515
337059|418 S Tancahua Street, Corpus Christi, TX , Corpus Christi, Texas, USA|27.79641|-97.40356|30.556296|-97.553924|27.788742|-97.39846
337061|419  Mesquite Street, Corpus Christi, TX , Corpus Christi, Texas, USA|27.79641|-97.40356|29.886615|-95.323071|27.793559|-97.3959375
337060|418  Taylor Street, Corpus Christi, TX , Corpus Christi, Texas, USA|27.79641|-97.40356|40.533091|-83.525111|27.7988766816769|-97.394102999803
337062|419 N Carancahua Street, Corpus Christi, TX , Corpus Christi, Texas, USA|27.79641|-97.40356|28.69666|-96.38969|27.7934408672992|-97.3976418753889
337063|419 N Water Street, Corpus Christi, TX , Corpus Christi, Texas, USA|27.79641|-97.40356|35.395156|-118.991513|27.7951237114247|-97.3931093949483
337064|419  Peoples Street, Corpus Christi, TX , Corpus Christi, Texas, USA|27.79641|-97.40356|30.267773|-97.718531|27.796727|-97.3941226734694
337065|423 N Water Street, Corpus Christi, TX , Corpus Christi, Texas, USA|27.79641|-97.40356|29.787662|-95.375966|27.7951525557554|-97.3930997631842
337066|424  Mesquite Street, Corpus Christi, TX , Corpus Christi, Texas, USA|27.79641|-97.40356|38.88735|-94.861443|27.793559|-97.3959375
337067|424 N Chaparral Street, Corpus Christi, TX , Corpus Christi, Texas, USA|27.79641|-97.40356|27.80354|-97.398135|27.7954227250086|-97.3940090483094
337068|424  Schatzell Street, Corpus Christi, TX , Corpus Christi, Texas, USA|27.79641|-97.40356|29.532593|-95.106615|27.7962699924125|-97.3941732081089
337070|425 S Carancahua Street, Corpus Christi, TX , Corpus Christi, Texas, USA|27.79641|-97.40356|28.69666|-96.38969|27.7885562868397|-97.3976133313838
337069|425 N Chaparral Street, Corpus Christi, TX , Corpus Christi, Texas, USA|27.79641|-97.40356|27.80354|-97.398135|27.7954738400607|-97.3941856041845
337071|426 S Tancahua Street, Corpus Christi, TX , Corpus Christi, Texas, USA|27.79641|-97.40356|29.729498|-95.300201|27.7884274368881|-97.398458403799
337072|427  Peoples Street, Corpus Christi, TX , Corpus Christi, Texas, USA|27.79641|-97.40356|30.267773|-97.718531|27.796727|-97.3941923061224
337075|430 S Tancahua Street, Corpus Christi, TX , Corpus Christi, Texas, USA|27.79641|-97.40356|29.785813|-95.376229|27.7883817281468|-97.3984580063317
337074|430 S Carancahua Street, Corpus Christi, TX , Corpus Christi, Texas, USA|27.79641|-97.40356|28.69666|-96.38969|27.7885190415109|-97.3974245480143
337073|429  Mann Street, Corpus Christi, TX , Corpus Christi, Texas, USA|27.79641|-97.40356|29.831796|-95.34747|27.8004554324039|-97.3943407149566
337076|441  John Sartain Street, Corpus Christi, TX , Corpus Christi, Texas, USA|27.79641|-97.40356|31.761597|-106.42526|27.7933106865976|-97.3953585247157
337080|501 N Chaparral Street, Corpus Christi, TX , Corpus Christi, Texas, USA|27.79641|-97.40356|30.187375|-97.776032|27.796223|-97.393947
337079|501  Mesquite Street, Corpus Christi, TX , Corpus Christi, Texas, USA|27.79641|-97.40356|33.120696|-97.183431|27.793559|-97.3959375
337081|501 N Water Street, Corpus Christi, TX , Corpus Christi, Texas, USA|27.79641|-97.40356|39.577937|-83.118887|27.795928|-97.392875
337078|500 N Water Street, Corpus Christi, TX , Corpus Christi, Texas, USA|27.79641|-97.40356|30.514988|-97.825761|27.795916|-97.39269
337085|503 S Carancahua Street, Corpus Christi, TX , Corpus Christi, Texas, USA|27.79641|-97.40356|28.69666|-96.38969|27.7876771088487|-97.3975931560724
337083|501 S Water Street, Corpus Christi, TX , Corpus Christi, Texas, USA|27.79641|-97.40356|39.577937|-83.118887|27.787912|-97.395402
337084|502 S Chaparral Street, Corpus Christi, TX , Corpus Christi, Texas, USA|27.79641|-97.40356|30.564307|-97.873135|27.787780885248|-97.3962336272714
337087|505 S Water Street, Corpus Christi, TX , Corpus Christi, Texas, USA|27.79641|-97.40356|29.535285|-95.108057|27.7878703688129|-97.3954114616334
337088|506  Mesquite Street, Corpus Christi, TX , Corpus Christi, Texas, USA|27.79641|-97.40356|29.886615|-95.323071|27.793559|-97.3959375
337090|508  Mesquite Street, Corpus Christi, TX , Corpus Christi, Texas, USA|27.79641|-97.40356|32.313773|-106.775159|27.793559|-97.3959375
337089|506 S Tancahua Street, Corpus Christi, TX , Corpus Christi, Texas, USA|27.79641|-97.40356|29.795586|-95.376074|27.7875132620626|-97.3984504544527
337091|509 N Chaparral Street, Corpus Christi, TX , Corpus Christi, Texas, USA|27.79641|-97.40356|30.563689|-97.873275|27.79626103605|-97.3939451083817
337092|509  Palo Alto Street, Corpus Christi, TX , Corpus Christi, Texas, USA|27.79641|-97.40356|29.720223|-95.299639|27.8040702100352|-97.3967383364435
337094|510 N Chaparral Street, Corpus Christi, TX , Corpus Christi, Texas, USA|27.79641|-97.40356|27.80354|-97.398135|27.7962636460329|-97.3937586179006
337093|509 S Carancahua Street, Corpus Christi, TX , Corpus Christi, Texas, USA|27.79641|-97.40356|28.69666|-96.38969|27.7876094797725|-97.3975916041254
337095|511  Lawrence Street, Corpus Christi, TX , Corpus Christi, Texas, USA|27.79641|-97.40356|41.449943|-82.715723|27.7954054750537|-97.3954520859773
337096|511  Starr Street, Corpus Christi, TX , Corpus Christi, Texas, USA|27.79641|-97.40356|29.814989|-95.364707|27.797762|-97.395123122449
337097|512 N Chaparral Street, Corpus Christi, TX , Corpus Christi, Texas, USA|27.79641|-97.40356|27.80354|-97.398135|27.796273176879|-97.3937581735721
337098|513  Lawrence Street, Corpus Christi, TX , Corpus Christi, Texas, USA|27.79641|-97.40356|41.582644|-84.601587|27.7954083737689|-97.3954619020811
337099|513 N Chaparral Street, Corpus Christi, TX , Corpus Christi, Texas, USA|27.79641|-97.40356|30.563869|-97.872945|27.7962800568057|-97.3939442174798
337100|513 S Carancahua Street, Corpus Christi, TX , Corpus Christi, Texas, USA|27.79641|-97.40356|28.69666|-96.38969|27.7875643937217|-97.3975905694941
337101|514  Belden Street, Corpus Christi, TX , Corpus Christi, Texas, USA|27.79641|-97.40356|31.915885|-106.058923|27.8023068312223|-97.3963202160593
337102|514  Peoples Street, Corpus Christi, TX , Corpus Christi, Texas, USA|27.79641|-97.40356|30.267773|-97.718531|27.79689210906|-97.3951730031389
337105|516  Peoples Street, Corpus Christi, TX , Corpus Christi, Texas, USA|27.79641|-97.40356|30.267773|-97.718531|27.7968921314007|-97.3951838607232
337106|518 N Chaparral Street, Corpus Christi, TX , Corpus Christi, Texas, USA|27.79641|-97.40356|27.80354|-97.398135|27.7963017694171|-97.3937568405866
337103|514  Power  Street, Corpus Christi, TX , Corpus Christi, Texas, USA|27.79641|-97.40356|29.710808|-95.279163|27.8032781018973|-97.3965236845514
337104|515  Lawrence Street, Corpus Christi, TX , Corpus Christi, Texas, USA|27.79641|-97.40356|41.667868|-86.17482|27.7954112724841|-97.3954717181848
337107|518  Park  Street, Corpus Christi, TX , Corpus Christi, Texas, USA|27.79641|-97.40356|29.746778|-94.97233|27.7129113|-97.3634515
337108|518  Peoples Street, Corpus Christi, TX , Corpus Christi, Texas, USA|27.79641|-97.40356|30.267773|-97.718531|27.7968921537414|-97.3951947183075
337111|520 N Chaparral Street, Corpus Christi, TX , Corpus Christi, Texas, USA|27.79641|-97.40356|27.80354|-97.398135|27.7963113002631|-97.3937563962581
337110|520  Lawrence Street, Corpus Christi, TX , Corpus Christi, Texas, USA|27.79641|-97.40356|41.668355|-86.174765|27.7955761843481|-97.3954438969969
337109|519 S Carancahua Street, Corpus Christi, TX , Corpus Christi, Texas, USA|27.79641|-97.40356|28.69666|-96.38969|27.7874967646454|-97.397589017547
337112|520 S Carancahua Street, Corpus Christi, TX , Corpus Christi, Texas, USA|27.79641|-97.40356|28.69666|-96.38969|27.7874960366778|-97.3974028346754
337114|520  Starr Street, Corpus Christi, TX , Corpus Christi, Texas, USA|27.79641|-97.40356|40.127374|-75.510717|27.797926|-97.395169244898
337116|521  Starr Street, Corpus Christi, TX , Corpus Christi, Texas, USA|27.79641|-97.40356|29.792847|-95.39226|27.797762|-97.395169244898
337115|521 S Carancahua Street, Corpus Christi, TX , Corpus Christi, Texas, USA|27.79641|-97.40356|28.69666|-96.38969|27.7874742289421|-97.3975882459187
337113|520 S Chaparral Street, Corpus Christi, TX , Corpus Christi, Texas, USA|27.79641|-97.40356|27.810482|-97.395059|27.7876898524802|-97.3962392727144
337117|523  Fitzgerald Street, Corpus Christi, TX , Corpus Christi, Texas, USA|27.79641|-97.40356|29.855745|-95.420526|27.8050564080544|-97.396860730536
337122|526 N Tancahua Street, Corpus Christi, TX , Corpus Christi, Texas, USA|27.79641|-97.40356|29.815339|-95.363689|27.795165|-97.398498
337120|525 S Carancahua Street, Corpus Christi, TX , Corpus Christi, Texas, USA|27.79641|-97.40356|28.69666|-96.38969|27.7874291580494|-97.3975866848039
337118|523 N Water Street, Corpus Christi, TX , Corpus Christi, Texas, USA|27.79641|-97.40356|29.778971|-95.242699|27.7960963607796|-97.3928618953247
337119|523  Taylor Street, Corpus Christi, TX , Corpus Christi, Texas, USA|27.79641|-97.40356|37.777388|-79.447252|27.7987346734694|-97.3951473877551
337123|526 S Tancahua Street, Corpus Christi, TX , Corpus Christi, Texas, USA|27.79641|-97.40356|29.815339|-95.363689|27.7872847183562|-97.3984484671162
337127|535 S Carancahua Street, Corpus Christi, TX , Corpus Christi, Texas, USA|27.79641|-97.40356|28.69666|-96.38969|27.7873164808179|-97.3975827820172
337126|535 N Carancahua Street, Corpus Christi, TX , Corpus Christi, Texas, USA|27.79641|-97.40356|28.69666|-96.38969|27.7953661415537|-97.3975634370131
337132|600  Leopard Street, Corpus Christi, TX , Corpus Christi, Texas, USA|27.79641|-97.40356|31.809925|-106.109969|27.79635|-97.396513
337130|555 N Carancahua Street, Corpus Christi, TX , Corpus Christi, Texas, USA|27.79641|-97.40356|28.69666|-96.38969|27.7954629535254|-97.3975602116404
337129|542 N Tancahua Street, Corpus Christi, TX , Corpus Christi, Texas, USA|27.79641|-97.40356|29.841519|-95.367643|27.7954758020813|-97.39848763696
337128|539 N Carancahua Street, Corpus Christi, TX , Corpus Christi, Texas, USA|27.79641|-97.40356|28.69666|-96.38969|27.7953855056849|-97.3975628467001
337136|601 N Water Street, Corpus Christi, TX , Corpus Christi, Texas, USA|27.79641|-97.40356|40.451102|-83.183244|27.796922|-97.392803
337137|605  Mesquite Street, Corpus Christi, TX , Corpus Christi, Texas, USA|27.79641|-97.40356|32.314562|-106.775824|27.793559|-97.3959375
337133|601  Mesquite Street, Corpus Christi, TX , Corpus Christi, Texas, USA|27.79641|-97.40356|33.342173|-111.851716|27.793559|-97.3959375
337134|601 N Chaparral Street, Corpus Christi, TX , Corpus Christi, Texas, USA|27.79641|-97.40356|30.641932|-97.776603|27.796934|-97.393917
337142|613 N Chaparral Street, Corpus Christi, TX , Corpus Christi, Texas, USA|27.79641|-97.40356|27.80354|-97.398135|27.7970270600263|-97.3939146259927
337139|608  Mesquite Street, Corpus Christi, TX , Corpus Christi, Texas, USA|27.79641|-97.40356|29.886615|-95.323071|27.793559|-97.3959375
337138|606 N Carancahua Street, Corpus Christi, TX , Corpus Christi, Texas, USA|27.79641|-97.40356|28.69666|-96.38969|27.7957096414931|-97.397365647855
337140|611 N Chaparral Street, Corpus Christi, TX , Corpus Christi, Texas, USA|27.79641|-97.40356|27.80354|-97.398135|27.7970115497666|-97.3939150115445
337143|614  Mesquite Street, Corpus Christi, TX , Corpus Christi, Texas, USA|27.79641|-97.40356|29.886615|-95.323071|27.793559|-97.3959375
337145|615  Mesquite Street, Corpus Christi, TX , Corpus Christi, Texas, USA|27.79641|-97.40356|32.31471|-106.77586|27.793559|-97.3959375
337146|615 N Chaparral Street, Corpus Christi, TX , Corpus Christi, Texas, USA|27.79641|-97.40356|27.80354|-97.398135|27.7970425702951|-97.3939142408039
337144|615  Leopard Street, Corpus Christi, TX , Corpus Christi, Texas, USA|27.79641|-97.40356|27.845874|-97.584079|27.7963632238353|-97.424266
337150|617 N Chaparral Street, Corpus Christi, TX , Corpus Christi, Texas, USA|27.79641|-97.40356|27.80354|-97.398135|27.797058080564|-97.3939138556151
337152|621 N Chaparral Street, Corpus Christi, TX , Corpus Christi, Texas, USA|27.79641|-97.40356|27.80354|-97.398135|27.7970891011017|-97.3939130852375
337149|616  Mesquite Street, Corpus Christi, TX , Corpus Christi, Texas, USA|27.79641|-97.40356|29.886615|-95.323071|27.793559|-97.3959375
337151|619 N Chaparral Street, Corpus Christi, TX , Corpus Christi, Texas, USA|27.79641|-97.40356|27.80354|-97.398135|27.7970735908328|-97.3939134704263
337154|622  Power Street, Corpus Christi, TX , Corpus Christi, Texas, USA|27.79641|-97.40356|29.710808|-95.279163|27.8030966938776|-97.3976977755102
337156|623  Power Street, Corpus Christi, TX , Corpus Christi, Texas, USA|27.79641|-97.40356|29.710808|-95.279163|27.8029366938776|-97.3976547755102
337153|622 N Water Street, Corpus Christi, TX , Corpus Christi, Texas, USA|27.79641|-97.40356|31.686657|-106.051345|27.7970860205029|-97.3926122347762
337157|624  Leopard Street, Corpus Christi, TX , Corpus Christi, Texas, USA|27.79641|-97.40356|27.845874|-97.584079|27.7963526688752|-97.3967054901403
337155|623 N Chaparral Street, Corpus Christi, TX , Corpus Christi, Texas, USA|27.79641|-97.40356|27.80354|-97.398135|27.7971046113705|-97.3939127000487
337162|701  Mesquite Street, Corpus Christi, TX , Corpus Christi, Texas, USA|27.79641|-97.40356|29.886615|-95.323071|27.793559|-97.3959375
337158|624  Mesquite Street, Corpus Christi, TX , Corpus Christi, Texas, USA|27.79641|-97.40356|29.886615|-95.323071|27.793559|-97.3959375
337161|701  Leopard Street, Corpus Christi, TX , Corpus Christi, Texas, USA|27.79641|-97.40356|27.845874|-97.584079|27.796202|-97.397582
337159|624 N Chaparral Street, Corpus Christi, TX , Corpus Christi, Texas, USA|27.79641|-97.40356|27.80354|-97.398135|27.7971171163529|-97.3937262901568
337164|701 N Water Street, Corpus Christi, TX , Corpus Christi, Texas, USA|27.79641|-97.40356|30.15748|-97.816113|27.797921|-97.392774
337165|702  Mesquite Street, Corpus Christi, TX , Corpus Christi, Texas, USA|27.79641|-97.40356|29.886615|-95.323071|27.793559|-97.3959375
337163|701 N Chaparral Street, Corpus Christi, TX , Corpus Christi, Texas, USA|27.79641|-97.40356|33.357436|-97.162733|27.797939|-97.393896
337167|705  Mesquite Street, Corpus Christi, TX , Corpus Christi, Texas, USA|27.79641|-97.40356|29.886615|-95.323071|27.793559|-97.3959375
337166|702 N Chaparral Street, Corpus Christi, TX , Corpus Christi, Texas, USA|27.79641|-97.40356|33.357873|-97.162251|27.7979548170983|-97.393711
337168|705 N Chaparral Street, Corpus Christi, TX , Corpus Christi, Texas, USA|27.79641|-97.40356|33.357418|-97.162234|27.7979685498444|-97.3938964221406
337170|709 N Chaparral Street, Corpus Christi, TX , Corpus Christi, Texas, USA|27.79641|-97.40356|33.357397|-97.161768|27.7979980996888|-97.3938968442813
337171|710  Buffalo Street, Corpus Christi, TX , Corpus Christi, Texas, USA|27.79641|-97.40356|41.66592|-83.51649|27.798358|-97.3976037617234
337172|710  Mesquite Street, Corpus Christi, TX , Corpus Christi, Texas, USA|27.79641|-97.40356|29.886615|-95.323071|27.793559|-97.3959375
337174|711 N Carancahua Street, Corpus Christi, TX , Corpus Christi, Texas, USA|27.79641|-97.40356|28.69666|-96.38969|27.7964807883652|-97.3975279603939
337176|713 N Chaparral Street, Corpus Christi, TX , Corpus Christi, Texas, USA|27.79641|-97.40356|33.357376|-97.161286|27.7980276504484|-97.3938971919429
337175|711 N Chaparral Street, Corpus Christi, TX , Corpus Christi, Texas, USA|27.79641|-97.40356|33.357386|-97.161526|27.7980128748011|-97.3938970398779
337173|711  Lipan Street, Corpus Christi, TX , Corpus Christi, Texas, USA|27.79641|-97.40356|39.703521|-105.001864|27.7940890243424|-97.3977388175685
337177|715  Comanche Street, Corpus Christi, TX , Corpus Christi, Texas, USA|27.79641|-97.40356|29.64828|-95.17901|27.7930997263303|-97.3978197076179
337182|720  Mesquite Street, Corpus Christi, TX , Corpus Christi, Texas, USA|27.79641|-97.40356|29.886615|-95.323071|27.793559|-97.3959375
337178|715  Mesquite Street, Corpus Christi, TX , Corpus Christi, Texas, USA|27.79641|-97.40356|32.315429|-106.776|27.793559|-97.3959375
337179|715 N Chaparral Street, Corpus Christi, TX , Corpus Christi, Texas, USA|27.79641|-97.40356|33.357365|-97.161049|27.7980424260957|-97.3938973440078
337180|716 N Chaparral Street, Corpus Christi, TX , Corpus Christi, Texas, USA|27.79641|-97.40356|33.357796|-97.16056|27.7980585342694|-97.3937114892035
337184|721  Mesquite Street, Corpus Christi, TX , Corpus Christi, Texas, USA|27.79641|-97.40356|32.315841|-106.776113|27.793559|-97.3959375
337183|721  Comanche Street, Corpus Christi, TX , Corpus Christi, Texas, USA|27.79641|-97.40356|29.64828|-95.17901|27.7931007161023|-97.3978697291691
337187|724  Mesquite Street, Corpus Christi, TX , Corpus Christi, Texas, USA|27.79641|-97.40356|32.304735|-106.772961|27.793559|-97.3959375
337185|721 N Chaparral Street, Corpus Christi, TX , Corpus Christi, Texas, USA|27.79641|-97.40356|33.357331|-97.160342|27.7980867530376|-97.3938978002028
337191|801 N Water Street, Corpus Christi, TX , Corpus Christi, Texas, USA|27.79641|-97.40356|30.15772|-97.816565|27.798905|-97.392758
337192|802  Mesquite Street, Corpus Christi, TX , Corpus Christi, Texas, USA|27.79641|-97.40356|29.886615|-95.323071|27.793559|-97.3959375
337189|801 N Chaparral Street, Corpus Christi, TX , Corpus Christi, Texas, USA|27.79641|-97.40356|27.80354|-97.398135|27.798911|-97.393906
337188|724 N Chaparral Street, Corpus Christi, TX , Corpus Christi, Texas, USA|27.79641|-97.40356|33.357751|-97.159605|27.7981177995241|-97.3937120991375
337196|804  Mesquite Street, Corpus Christi, TX , Corpus Christi, Texas, USA|27.79641|-97.40356|29.886615|-95.323071|27.793559|-97.3959375
337193|802 N Carancahua Street, Corpus Christi, TX , Corpus Christi, Texas, USA|27.79641|-97.40356|31.67858|-106.038613|27.7973966539354|-97.3973194055468
337194|802 N Chaparral Street, Corpus Christi, TX , Corpus Christi, Texas, USA|27.79641|-97.40356|27.80354|-97.398135|27.7989276349917|-97.393721
337195|802 N Tancahua Street, Corpus Christi, TX , Corpus Christi, Texas, USA|27.79641|-97.40356|29.746938|-95.389802|27.797434203708|-97.3984327972839
337197|806 N Chaparral Street, Corpus Christi, TX , Corpus Christi, Texas, USA|27.79641|-97.40356|27.80354|-97.398135|27.7989589049752|-97.393721
337199|809 N Chaparral Street, Corpus Christi, TX , Corpus Christi, Texas, USA|27.79641|-97.40356|27.80354|-97.398135|27.7989721928427|-97.3939067947122
337200|810 N Chaparral Street, Corpus Christi, TX , Corpus Christi, Texas, USA|27.79641|-97.40356|27.80354|-97.398135|27.7989901748842|-97.393721018004
337201|811 N Carancahua Street, Corpus Christi, TX , Corpus Christi, Texas, USA|27.79641|-97.40356|28.69666|-96.38969|27.7974651709669|-97.3975030314823
337202|813 N Chaparral Street, Corpus Christi, TX , Corpus Christi, Texas, USA|27.79641|-97.40356|27.80354|-97.398135|27.7990027900011|-97.3939071228405
337207|820 N Chaparral Street, Corpus Christi, TX , Corpus Christi, Texas, USA|27.79641|-97.40356|27.80354|-97.398135|27.7990683471645|-97.3937216651255
337204|817 N Carancahua Street, Corpus Christi, TX , Corpus Christi, Texas, USA|27.79641|-97.40356|28.69666|-96.38969|27.7975120678283|-97.3975011057636
337205|817 N Water Street, Corpus Christi, TX , Corpus Christi, Texas, USA|27.79641|-97.40356|30.566898|-97.831253|27.7990284248289|-97.3927592317379
337203|816 N Chaparral Street, Corpus Christi, TX , Corpus Christi, Texas, USA|27.79641|-97.40356|27.80354|-97.398135|27.7990370782524|-97.3937214062769
337210|824 N Chaparral Street, Corpus Christi, TX , Corpus Christi, Texas, USA|27.79641|-97.40356|27.80354|-97.398135|27.7990996160767|-97.3937219239741
337209|823 N Water Street, Corpus Christi, TX , Corpus Christi, Texas, USA|27.79641|-97.40356|31.787871|-106.07106|27.799074711215|-97.3927594627848
337211|901  Mesquite Street, Corpus Christi, TX , Corpus Christi, Texas, USA|27.79641|-97.40356|30.567242|-97.677456|27.793559|-97.3959375
337208|820 N Lower Broadway Street, Corpus Christi, TX , Corpus Christi, Texas, USA|27.79641|-97.40356|29.718725|-95.278808|27.7990892236373|-97.3958857355398
337212|901 N Carancahua Street, Corpus Christi, TX , Corpus Christi, Texas, USA|27.79641|-97.40356|28.69666|-96.38969|27.798401|-97.397464
337214|902  Mesquite Street, Corpus Christi, TX , Corpus Christi, Texas, USA|27.79641|-97.40356|30.567552|-97.677978|27.793559|-97.3959375
337217|904 N Chaparral Street, Corpus Christi, TX , Corpus Christi, Texas, USA|27.79641|-97.40356|27.80354|-97.398135|27.797817|-97.3938284
337213|901 N Water Street, Corpus Christi, TX , Corpus Christi, Texas, USA|27.79641|-97.40356|30.230747|-97.517464|27.799896|-97.392782
337216|903 N Chaparral Street, Corpus Christi, TX , Corpus Christi, Texas, USA|27.79641|-97.40356|27.80354|-97.398135|27.797817|-97.3938284
337215|902 N Chaparral Street, Corpus Christi, TX , Corpus Christi, Texas, USA|27.79641|-97.40356|27.80354|-97.398135|27.797817|-97.3938284
337218|906 N Carancahua Street, Corpus Christi, TX , Corpus Christi, Texas, USA|27.79641|-97.40356|28.69666|-96.38969|27.7984394722735|-97.3972765083686
337221|910 N Chaparral Street, Corpus Christi, TX , Corpus Christi, Texas, USA|27.79641|-97.40356|27.80354|-97.398135|27.797817|-97.3938284
337219|909 N Chaparral Street, Corpus Christi, TX , Corpus Christi, Texas, USA|27.79641|-97.40356|27.80354|-97.398135|27.797817|-97.3938284
337222|912 N Chaparral Street, Corpus Christi, TX , Corpus Christi, Texas, USA|27.79641|-97.40356|27.80354|-97.398135|27.797817|-97.3938284
556923|Eloy Gonzalo 27, Spain|40.43465|-3.7005|39.03805|-4.174802|35.2904386|-2.9412954
556922|Calle Ferrocarril 31, Spain|28.7078705|-106.0983582|40.400758|-3.697312|36.7097226|-4.4350044
556924|Amaniel 7, Madrid|40.4252586|-3.7092299|40.425398|-3.709378|40.4251964|-3.7092445
556925|Calle Ferrocarril 31, Madrid|40.4007683|-3.6972499|40.400758|-3.697312|40.4431197|-3.53493509499273
337223|916 N Chaparral Street, Corpus Christi, TX , Corpus Christi, Texas, USA|27.79641|-97.40356|27.80354|-97.398135|27.797817|-97.3938284
337224|917 N Carancahua Street, Corpus Christi, TX , Corpus Christi, Texas, USA|27.79641|-97.40356|28.69666|-96.38969|27.7985221571142|-97.3974587733572
337225|921 N Chaparral Street, Corpus Christi, TX , Corpus Christi, Texas, USA|27.79641|-97.40356|27.80354|-97.398135|27.7999633656341|-97.3939626124246
354773|Eloy Gonzalo 27, Madrid|40.43465|-3.7005|40.434732|-3.700444|40.4346254|-3.7004292
3026794|10880 Thienes Ave. South El Monte, CA South El Monte, CA 91733 United States|34.0481911|-118.0394897|34.048193|-118.039491|34.0480547367941|-118.038871882816
537542|Severodvinsk|64.56192|39.8265|64.5635|39.8302|64.5637899|39.8240999
537544|Växjö|56.87996|14.79945|56.87767|14.80906|56.9088201|14.9016633384489
537545|Vinslöv|56.1036|13.91301|56.09299|13.91206|56.102213|13.9095768
537543|Valašské Meziříčí|49.47437|17.96168|49.47181|17.97113|49.4718043|17.9716332
537546|heilbronn|49.14315|9.21929|49.13995|9.22054|49.1422908|9.2186549
337288|Albany, Albany ,New York, USA|42.65156|-73.75521|42.65258|-73.75623|42.6511674|-73.754968
556926|León, Spain|42.59765|-5.57211|42.60003|-5.57032|42.63414505|-5.97141500453998
337291|Batavia, Genesee ,New York, USA|42.99836|-78.18825|42.99812|-78.18752|42.9980144|-78.1875515
337290|Auburn, Cayuga ,New York, USA|42.92937|-76.56591|42.93173|-76.56605|42.9320202|-76.5672029
337292|Beacon, Dutchess ,New York, USA|41.50667|-73.97282|40.7806|-73.9812|41.5048159|-73.9695832
337289|Amsterdam, Montgomery ,New York, USA|42.93897|-74.18893|42.93869|-74.18819|42.943367|-74.1850436
337293|Binghamton, Broome ,New York, USA|42.0987|-75.91137|42.09869|-75.91797|42.096968|-75.914341
337294|Buffalo, Erie ,New York, USA|42.88544|-78.87847|42.88645|-78.87837|42.8864468|-78.8783689
337296|Cohoes, Albany ,New York, USA|42.77465|-73.70009|42.77424|-73.70012|42.7742446|-73.7001187
337295|Canandaigua, Ontario ,New York, USA|42.8881|-77.28095|42.87423|-77.28804|42.8844625|-77.278399
337297|Corning, Steuben ,New York, USA|42.14308|-77.05463|42.14285|-77.05469|42.1428521|-77.0546903
337299|Dunkirk, Chautauqua ,New York, USA|42.48724|-79.33578|42.4795|-79.33393|42.4795019|-79.3339324
337300|Elmira, Chemung ,New York, USA|42.09041|-76.79882|42.0898|-76.80773|42.0897965|-76.8077338
337298|Cortland, Cortland ,New York, USA|42.60349|-76.17482|42.60118|-76.18048|42.6011813|-76.1804843
337301|Fulton, Oswego ,New York, USA|43.32114|-76.41484|43.32285|-76.41716|43.3228462|-76.4171585
337305|Gloversville, Fulton ,New York, USA|43.05063|-74.34446|43.05285|-74.34375|43.0528133|-74.34369
337302|Geneva, Ontario ,New York, USA|42.86642|-76.98209|42.86896|-76.97774|42.8689552|-76.9777436
337304|Glens Falls, Warren ,New York, USA|43.31122|-73.64376|43.30952|-73.64401|43.3096957|-73.6441045
337303|Glen Cove, Nassau ,New York, USA|40.86396|-73.63079|40.86232|-73.63374|40.8623217|-73.6337389
337306|Hornell, Steuben ,New York, USA|42.32733|-77.66082|42.32785|-77.6611|42.3278477|-77.6611025
337310|Johnstown, Fulton ,New York, USA|43.00656|-74.36846|43.00674|-74.36764|43.0068689|-74.3676437
337309|Jamestown, Chautauqua ,New York, USA|42.09605|-79.2378|42.097|-79.23533|42.0970023|-79.2353259
337307|Hudson, Columbia ,New York, USA|42.25283|-73.79143|40.7679|-73.984|42.2528649|-73.790959
337308|Ithaca, Tompkins ,New York, USA|42.44052|-76.49547|42.44063|-76.49661|42.4396039|-76.4968019
337312|Lackawanna, Erie ,New York, USA|42.82582|-78.8243|42.82561|-78.82337|42.81909025|-78.833717379075
337311|Kingston, Ulster ,New York, USA|41.92672|-73.99651|41.92704|-73.99736|41.9287812|-74.0023702
337314|Lockport, Niagara ,New York, USA|43.1692|-78.69538|43.17061|-78.69031|43.1706125|-78.6903133
337313|Little Falls, Herkimer ,New York, USA|43.0408|-74.85884|43.0434|-74.8596|43.0434039|-74.8595958
337315|Long Beach, Nassau ,New York, USA|40.58939|-73.66608|40.58844|-73.65791|40.5885116|-73.657861
337316|Mechanicville, Saratoga ,New York, USA|42.90406|-73.68539|42.90285|-73.68734|42.9028547|-73.6873405
337317|Middletown, Orange ,New York, USA|41.44556|-74.42248|41.44593|-74.42293|41.4459271|-74.4229341
337319|Newburgh, Orange ,New York, USA|41.49994|-74.01023|41.50343|-74.01042|41.5034271|-74.0104179
337322|Niagara Falls, Niagara ,New York, USA|43.09548|-79.05582|43.0945|-79.05671|43.1030928|-79.0302618
337318|Mount Vernon, Westchester ,New York, USA|40.91246|-73.83828|40.9126|-73.83708|40.9125992|-73.8370786
337321|New York, New York ,New York, USA|40.71455|-74.00712|40.71427|-74.00597|40.7305991|-73.9865812
337320|New Rochelle, Westchester ,New York, USA|40.91971|-73.7868|40.91149|-73.78235|40.9115386|-73.7826363
337324|Norwich, Chenango ,New York, USA|42.53625|-75.52424|42.53118|-75.52351|42.531184|-75.5235149
337326|Olean, Cattaraugus ,New York, USA|42.07755|-78.42888|42.07756|-78.42974|42.077565|-78.4297419
337327|Oneida, Madison ,New York, USA|43.09874|-75.65493|43.09257|-75.65129|43.0921651|-75.6509286
337325|Ogdensburg, St. Lawrence ,New York, USA|44.69385|-75.4896|44.69423|-75.48634|44.6942291|-75.4863364
337323|North Tonawanda, Niagara ,New York, USA|43.02969|-78.86952|43.03867|-78.8642|43.038668|-78.8642034
337329|Oswego, Oswego ,New York, USA|43.45646|-76.51119|43.45535|-76.5105|43.4547284|-76.5095967
337330|Peekskill, Westchester ,New York, USA|41.29091|-73.92206|41.29009|-73.92042|41.289811|-73.9204922
337331|Plattsburgh, Clinton ,New York, USA|44.69913|-73.45303|44.69949|-73.45291|44.6928101|-73.4555973
337334|Rensselaer, Rensselaer ,New York, USA|42.64472|-73.74127|42.64258|-73.7429|42.6425795|-73.742898
337332|Port Jervis, Orange ,New York, USA|41.3747|-74.69124|41.37509|-74.69266|41.3750937|-74.692663
337333|Poughkeepsie, Dutchess ,New York, USA|41.70672|-73.92937|41.70037|-73.92097|41.7065779|-73.9284101
337337|Rye, Westchester ,New York, USA|40.98101|-73.68378|40.98065|-73.68374|40.9808209|-73.684294
337328|Oneonta, Otsego ,New York, USA|42.45531|-75.06027|42.45286|-75.06377|42.46732115|-75.0171636845439
337335|Rochester, Monroe ,New York, USA|43.1558|-77.61632|43.15478|-77.61556|43.1854754|-77.6106860508176
337336|Rome, Oneida ,New York, USA|43.21517|-75.45336|43.21285|-75.45573|43.2128473|-75.4557304
337340|Schenectady, Schenectady ,New York, USA|42.81226|-73.94103|42.81424|-73.93957|42.8142432|-73.9395687
337341|Sherrill, Oneida ,New York, USA|43.07571|-75.59625|43.07368|-75.59824|43.0736798|-75.5982354
337342|Syracuse, Onondaga ,New York, USA|43.04999|-76.14739|43.04812|-76.14742|43.0481221|-76.1474244
337338|Salamanca, Cattaraugus ,New York, USA|42.15386|-78.70907|42.15784|-78.71503|42.1578412|-78.7150311
337346|Watertown, Jefferson ,New York, USA|43.97559|-75.91317|43.97478|-75.91076|43.9747838|-75.9107565
337344|Troy, Rensselaer ,New York, USA|42.7345|-73.68809|40.740256|-74.005536|42.7284117|-73.6917851
337345|Utica, Oneida ,New York, USA|43.09589|-75.24258|43.1009|-75.23266|43.1009031|-75.2326641
337339|Saratoga Springs, Saratoga ,New York, USA|43.0839|-73.7845|43.08313|-73.78457|43.0831301|-73.7845651
337343|Tonawanda, Erie ,New York, USA|43.01884|-78.88637|42.98499|-78.87798|43.0206785|-78.8783834
337347|Watervliet, Albany ,New York, USA|42.72578|-73.70048|42.73008|-73.70123|42.7300784|-73.7012299
337348|White Plains, Westchester ,New York, USA|41.03354|-73.76415|41.03399|-73.76291|41.0339862|-73.7629097
337349|Yonkers, Westchester ,New York, USA|40.93299|-73.89874|40.93121|-73.89875|40.9312099|-73.8987469
537548|1201 VICTORY BOULEVARD, Staten Island, NY 10301|40.6164665|-74.1037445|34.165062|-118.306094|40.616426|-74.103705
537547|104 VICTORY BOULEVARD, Staten Island, NY 10301|40.6375198|-74.0798035|40.63759|-74.079872|40.63753475|-74.0798158803986
537552|140 NEW DORP LANE, Staten Island, NY 10306|40.5736008|-74.1161423|40.573646|-74.116102|40.57364615|-74.1160910037631
537549|1258 BAY STREET, Staten Island, NY 10305|40.6124496|-74.0652618|40.612471|-74.065213|40.6124677|-74.0652151131048
537551|133 MCCLEAN AVENUE, Staten Island, NY 10305|40.598259|-74.0665436|40.598261|-74.066472|40.59823495|-74.0664592534546
537554|151 SIGNS ROAD, Staten Island, NY 10314|40.6021843|-74.1669083|40.602775|-74.168813|40.6028056|-74.1687364384755
537553|1445 RICHMOND AVENUE, Staten Island, NY 10314|40.6130562|-74.1584778|40.611807|-74.157454|40.6116962|-74.1574814949754
537556|1724 HYLAN BOULEVARD, Staten Island, NY 10305|40.5866508|-74.0915527|40.58667|-74.09158|40.58666945|-74.0915800184153
537557|173 NEW DORP LANE, Staten Island, NY 10306|40.5734901|-74.1148987|40.573397|-74.114987|40.5734592|-74.1149309
537559|1899 VICTORY BOULEVARD, Staten Island, NY 10314|40.6129799|-74.1273499|40.612994|-74.127359|40.6129914|-74.1273580258736
537550|12 BRADLEY AVENUE, Staten Island, NY 10314|40.6119995|-74.1325989|-29.06667|167.96667|40.60010395|-74.1313244729418
537561|207 PORT RICHMOND AVE, Staten Island, NY 10302|40.6360703|-74.1344223|40.636088|-74.134451|40.63608725|-74.1344507450879
537555|1650 RICHMOND AVENUE                                   , Staten Island, NY 10314|40.608181|-74.1623459|40.608232|-74.162846|40.60837275|-74.1634674432552
537563|235 NEW DORP LANE, Staten Island, NY 10306|40.5730782|-74.1141129|40.57106|-74.110607|40.5736962280702|-74.115626
537558|1756 FOREST AVENUE, Staten Island, NY 10303|40.6248093|-74.1467438|40.578488|-74.157033|40.6249140833333|-74.1476015
537566|280 SAND LANE, Staten Island, NY 10305|40.5924416|-74.068367|40.592464|-74.068317|40.59247355|-74.0683579752431
537562|2154 FOREST AVENUE                                                                                       , Staten Island, NY 10303|40.6265144|-74.1615829|40.626467|-74.161341|40.6263997|-74.1613421148129
537565|27 BROWER COURT, Staten Island, NY 10308|40.5511398|-74.1511917|40.551078|-74.151185|40.55110275|-74.1512032005928
537564|2655 RICHMOND AVENUE, Staten Island, NY 10314|40.5812492|-74.1660767|40.581811|-74.166455|40.5818532|-74.1659295857323
537568|325 VICTORY BLVD, Staten Island, NY 10301|40.634201|-74.0858612|40.634183|-74.08576|40.63418205|-74.085759948243
537567|309 BRADLEY AVENUE                                    , Staten Island, NY 10314|40.6036797|-74.1312637|40.603717|-74.131413|40.6037213|-74.13132305
537569|405 ARTHUR KILL ROAD, Staten Island, NY 10308|40.5646515|-74.1558609|40.564562|-74.155785|40.56456895|-74.1557635807377
337413|Amsterdam, Montgomery , New York, United States|42.93897|-74.18893|42.93869|-74.18819|42.943367|-74.1850436
537560|1 BAY STREET                              , Staten Island, NY 10301|40.6423035|-74.075058|-29.060796|167.961235|40.63303585|-74.0758838578504
337416|Beacon, Dutchess , New York, United States|41.50667|-73.97282|40.7806|-73.9812|41.5048159|-73.9695832
337417|Binghamton, Broome , New York, United States|42.0987|-75.91137|42.09869|-75.91797|42.096968|-75.914341
537571|529 TOMPKINS AVENUE, Staten Island, NY 10305|40.6129189|-74.0712433|40.612928|-74.071265|40.6129282|-74.071264717378
537570|44 VICTORY BOULEVARD, Staten Island, NY 10301|40.637619|-74.0773697|40.637708|-74.077133|40.6133825642204|-74.1163510352638
337421|Corning, Steuben , New York, United States|42.14308|-77.05463|42.14285|-77.05469|42.1428521|-77.0546903
537572|531 TARGEE STREET, Staten Island, NY 10304|40.6141853|-74.0845795|40.614206|-74.084609|40.6142061|-74.0846091
537573|55 VICTORY BOULEVARD, Staten Island, NY 10301|40.6382103|-74.0775223|40.638094|-74.077591|40.63813315|-74.0775638375887
337418|Buffalo, Erie , New York, United States|42.88544|-78.87847|42.88645|-78.87837|42.8864468|-78.8783689
337422|Cortland, Cortland , New York, United States|42.60349|-76.17482|42.60118|-76.18048|42.6011813|-76.1804843
337423|Dunkirk, Chautauqua , New York, United States|42.48724|-79.33578|42.4795|-79.33393|42.4795019|-79.3339324
337427|Glen Cove, Nassau , New York, United States|40.86396|-73.63079|40.86232|-73.63374|40.8623217|-73.6337389
537574|581 MIDLAND AVENUE, Staten Island, NY 10306|40.5723991|-74.0926971|40.572404|-74.092717|40.5724039|-74.0927173
537576|6382 AMBOY ROAD, Staten Island, NY 10309|40.522171|-74.216507|40.522161|-74.216629|40.52216795|-74.2165446257154
537575|6372 AMBOY ROAD, Staten Island, NY 10309|40.5223427|-74.2165604|40.522487|-74.216533|40.5224911|-74.2164278120892
537577|692 ARTHUR KILL ROAD, Staten Island, NY 10308|40.5601501|-74.1639252|40.516796|-74.241597|40.5602222733755|-74.1637815415499
337428|Glens Falls, Warren , New York, United States|43.31122|-73.64376|43.30952|-73.64401|43.3096957|-73.6441045
337429|Gloversville, Fulton , New York, United States|43.05063|-74.34446|43.05285|-74.34375|43.0528133|-74.34369
337430|Hornell, Steuben , New York, United States|42.32733|-77.66082|42.32785|-77.6611|42.3278477|-77.6611025
337434|Johnstown, Fulton , New York, United States|43.00656|-74.36846|43.00674|-74.36764|43.0068689|-74.3676437
537578|72 CANAL STREET, Staten Island, NY 10304|40.6264877|-74.0759811|40.715072|-73.99286|40.6265543809524|-74.0759536190476
537581|78 VICTORY BOULEVARD, Staten Island, NY 10301|40.6378899|-74.0791397|40.63797|-74.079202|40.6379269|-74.0791630390714
337440|Mechanicville, Saratoga , New York, United States|42.90406|-73.68539|42.90285|-73.68734|42.9028547|-73.6873405
537582|835 FOREST HILL ROAD, Staten Island, NY 10314|40.6022987|-74.1401825|40.602818|-74.14013|40.6028181|-74.1401303
537579|755 TARGEE STREET, Staten Island, NY 10304|40.6089211|-74.0878372|40.608979|-74.087937|40.60893295|-74.0878530407037
337441|Middletown, Orange , New York, United States|41.44556|-74.42248|41.44593|-74.42293|41.4459271|-74.4229341
337446|Niagara Falls, Niagara , New York, United States|43.09548|-79.05582|43.0945|-79.05671|43.1030928|-79.0302618
556927|San Carlos del valle, Ciudad Real|38.84023|-3.2404|38.84399|-3.24148|38.8443306|-3.2416783
337450|Olean, Cattaraugus , New York, United States|42.07755|-78.42888|42.07756|-78.42974|42.077565|-78.4297419
537580|770 MANOR ROAD, Staten Island, NY 10314|40.6089706|-74.1213608|-39.815699|143.967388|40.609048631579|-74.1213212631579
337452|Plattsburgh, Clinton , New York, United States|44.69913|-73.45303|44.69949|-73.45291|44.6928101|-73.4555973
337455|Rome, Oneida , New York, United States|43.21517|-75.45336|43.21285|-75.45573|43.2128473|-75.4557304
337453|Poughkeepsie, Dutchess , New York, United States|41.70672|-73.92937|41.70037|-73.92097|41.7065779|-73.9284101
337457|Salamanca, Cattaraugus , New York, United States|42.15386|-78.70907|42.15784|-78.71503|42.1578412|-78.7150311
337456|Rye, Westchester , New York, United States|40.98101|-73.68378|40.98065|-73.68374|40.9808209|-73.684294
337460|Troy, Rensselaer , New York, United States|42.7345|-73.68809|40.740256|-74.005536|42.7284117|-73.6917851
337461|Utica, Oneida , New York, United States|43.09589|-75.24258|43.1009|-75.23266|43.1009031|-75.2326641
337464|White Plains, Westchester , New York, United States|41.03354|-73.76415|41.03399|-73.76291|41.0339862|-73.7629097
337466|4554 Hollister Ave Santa Barbara, CA 93110|34.4386292|-119.7792282|34.439298|-119.777464|34.4388035895109|-119.77826463938
1509435|612, 44|||47.905542|2.269573|46.0402531|13.5881662
547567|Khartoum, Sudan|15.89935|33.11909|15.8|33|15.5933247|32.5356502
537584|114, rue des Troènes - 31200 Toulouse|43.6206703|1.41523|43.578847|1.370018|43.6213671|1.4147415
537590|92000 Colombes|48.9220886|2.25265|51.928035|4.239648|48.922788|2.2543577
537592|Allée Aimé Giral - 66000 Perpignan|42.7146339|2.8908172|42.715603|2.891483|42.7151171|2.8928177
537591|920 rue de Bugarel - 34070 Montpellier|43.5922241|3.8510091|45.594236|-73.6642|43.5929518|3.8569335
537589|35 rue du Clos-Four - 63100 Clermont-Ferrand|45.7905769|3.1081023|48.655534|2.404311|45.7898031|3.1049604
537588|26, Cours de la Libération - 38100 Grenoble|45.1776009|5.7151198|17.972052|-102.220472|45.1726924|5.7139861
537593|Quai Lafontan 83000 Toulon - 83000 Toulon|43.125351|5.9302902|43.122442|5.825428|43.118665|5.9354667
537587|26, avenue du général Sarrail - 75016 Paris|48.8445854|2.2552614|48.846955|2.354399|48.8464917|2.2563244
537597|Stade André-Moga - 33130 Bègles|44.8080788|-0.5539|44.805256|-0.5525|44.8052568|-0.552500121663849
537596|Rue de Bisséous - 81100 Castres|43.6107788|2.25511|49.779494|3.277785|43.6108221|2.2543491
547291|1210 Third Avenue|52.1470337|-122.1600647|35.788466|-119.242638|50.8456288|-1.0728825
547295|1345 Second Avenue|64.0659256|-139.428299|37.677507|-121.77874|50.8452058|-1.0320106
547293|1329 Second Avenue|64.0658035|-139.4284973|35.737351|-79.467576|50.8452058|-1.0320106
547294|1341 Second Avenue|49.5096092|-115.0538483|40.772159|-111.849436|50.8452058|-1.0320106
547292|1324 Second Avenue|64.0655136|-139.4283905|40.771692|-111.850318|50.8452058|-1.0320106
547297|1420 Third Avenue|52.1473503|-122.1605225|30.047745|-90.697162|50.8456288|-1.0728825
547298|1424 Third Avenue|52.1473541|-122.1605377|41.449972|-82.687929|50.8456288|-1.0728825
547300|1461 First Avenue|-26.21171|28.1664944|34.265566|-118.779129|42.8745189333333|-82.1353778666667
547301|1491 First Avenue|-26.4177494|28.4673653|41.590456|-87.529477|42.8717790082607|-82.1360425179757
547299|1433 Third Avenue|52.14711|-122.1606979|45.113341|-93.300382|50.8456288|-1.0728825
547296|1390 Second Avenue|64.0660248|-139.4275665|32.824908|-83.638051|50.8452058|-1.0320106
547305|1610 York Avenue|-34.0404701|18.7613907|40.335562|-79.868963|40.760539|-73.9583559
547303|157 East 71st Street|52.2019463|-106.6673431|33.975533|-118.271935|41.523435|-81.6396589
547307|1640 York Avenue|59.31847|10.7395201|40.776108|-73.946655|40.760539|-73.9583559
547304|1592 First Avenue|40.4063797|-78.8447723|41.103111|-80.681288|50.8456275|-1.0705021
547306|163 East 71st Street|52.2019463|-106.6670609|40.769672|-73.962073|41.523435|-81.6396589
547302|1571 Second Avenue|64.0680237|-139.4256592|40.451306|-122.314519|50.8452058|-1.0320106
547310|1646 Third Avenue|52.147644|-122.1611099|32.82141|-83.638983|50.8456288|-1.0728825
547309|1644 Third Avenue|52.1476402|-122.1611023|30.053039|-90.700485|50.8456288|-1.0728825
547312|1662 Third Avenue|52.1476593|-122.1611557|44.965486|-93.359112|50.8456288|-1.0728825
547308|1641 First Avenue|41.8891068|-80.3593826|32.308314|-90.212687|50.8456275|-1.0705021
547315|1702 Second Avenue|49.0798035|-117.8050461|39.68179|-83.959269|50.8452058|-1.0320106
547314|1674 Third Avenue|52.1476707|-122.1611862|30.053774|-90.700918|50.8456288|-1.0728825
547311|1654 Third Avenue|52.1476517|-122.1611328|44.966121|-93.40256|50.8456288|-1.0728825
547313|1666 Third Avenue|52.1476631|-122.1611633|45.008902|-93.649259|50.8456288|-1.0728825
547317|230 East 71st Street|52.2022095|-106.6638947|33.975327|-118.27066|41.523435|-81.6396589
547319|330 East 90th Street|25.0186043|121.294342|33.954535|-118.268419|41.731073710144|-87.6164360936302
537598|114, rue des Troènes - 31200 Toulouse, France|43.6206703|1.41523|43.578847|1.370018|43.6213671|1.4147415
547318|251 East 71st Street|52.2019348|-106.6629639|33.975546|-118.270001|41.523435|-81.6396589
537606|Allée Aimé Giral - 66000 Perpignan, France|42.7146339|2.8908172|14.611556|-61.071961|42.7151171|2.8928177
537601|26, avenue du général Sarrail - 75016 Paris, France|48.8445854|2.2552614|48.846955|2.354399|48.8464917|2.2563244
537605|920 rue de Bugarel - 34070 Montpellier, France|43.5922241|3.8510091|48.9836|2.52557|43.5929518|3.8569335
537604|92000 Colombes, France|48.9220886|2.25265|48.92361|2.25222|48.922788|2.2543577
537611|Stade André-Moga - 33130 Bègles, France|44.8080788|-0.5539|48.941618|2.581538|44.8052568|-0.552500121663849
537602|26, Cours de la Libération - 38100 Grenoble, France|45.1776009|5.7151198|46.147161|-1.163475|45.1726924|5.7139861
537610|Rue de Bisséous - 81100 Castres, France|43.6107788|2.25511|48.9836|2.52557|43.6108221|2.2543491
537603|35 rue du Clos-Four - 63100 Clermont-Ferrand, France|45.7905769|3.1081023|14.612319|-61.078407|45.7898031|3.1049604
537607|Quai Lafontan 83000 Toulon - 83000 Toulon, France|43.125351|5.9302902|48.8528|2.3925|43.118665|5.9354667
547322|681 PARK AVENUE|50.0618591|-96.5129776|34.111905|-117.379771|41.6895304639019|-88.9874657582039
547321|412 East 85 Street|45.9536095|-73.9704361|40.775793|-73.949293|38.968333|-94.4746099
547324|East 82nd Street|53.5759315|-113.4673691|41.745956|-87.602157|41.478419|-81.6299379
547320|337 East 94th Street|25.0531254|121.1674881|40.658461|-73.921053|41.7236193342033|-87.6151816331723
547323|8 HENDERSON PLACE|53.7469826|-105.2724686|40.77539|-73.945009|42.7202612|-78.8255617
556929|Agüero , 512 ,Buenos Aires, Argentina|-34.6038132|-58.4118347|-34.591778|-58.40701|-34.7824123510204|-58.8440696734694
556934|Av. Boyaca , 28 ,Buenos Aires, Argentina|-34.6265068|-58.4569206|-34.6179|-58.4626|-34.6263913040816|-58.4571456
556931|Araoz , 2422 ,Buenos Aires, Argentina|-34.5863686|-58.4162025|-34.5918|-58.4259|-33.80746|-59.5047909
556939|Av. Córdoba , 634 ,Buenos Aires, Argentina|-34.5988998|-58.3759308|-34.596349|-58.425996|-34.5989032265306|-58.3758521326531
556938|Av. Córdoba , 543 ,Buenos Aires, Argentina|-34.5985565|-58.3745956|-34.596349|-58.425996|-34.5986481714286|-58.3747264142857
556941|Av. De Mayo  , 948 ,Buenos Aires, Argentina|-34.6090889|-58.3798752|-34.609644|-58.385806|-34.6090844|-58.3797439
556937|Av. Cordoba, 2988 ,Buenos Aires, Argentina|-34.5982361|-58.4091568|-34.595942|-58.37419|-34.5982446939921|-58.4092602210984
556935|Av. Cabildo, 3241 ,Buenos Aires, Argentina|-34.5523872|-58.4652214|-34.570382|-58.444952|-34.5523337836735|-58.4652193877551
556936|Av Cabildo , 4665 ,Buenos Aires, Argentina|-34.5417328|-58.4734344|-34.570382|-58.444952|-34.541739955102|-58.4734199959184
556942|Av. Diaz Velez, 4820 ,Buenos Aires, Argentina|-34.6088753|-58.4351578|-34.608522|-58.428658|-34.608864|-58.4350687346939
537617|110-21 FRANCIS LEWIS BLVD|46.6978035|-122.929512|40.705806|-73.750329|40.7695958|-73.7923262
3026803|122-2nd ave Nederland, TX 77627 United States|||29.97438|-93.9924|29.9954368187251|-94.0162048337939
537615|108-27 39 AVENUE|38.3934479|27.0944538|40.752072|-73.856925|52.2649426|-113.7877408
537623|126-07 MERRICK BOULEVARD|55.1278458|-121.0131607|40.682008|-73.765984|40.6820084|-73.7659837
537614|104-50 103 STREET|39.9230995|32.8823318|40.680718|-73.837178|53.7145905|-113.2142013
537620|112-40 DILLON STREET|46.1351395|-60.1846466|40.689622|-73.788144|42.244474|-71.7878879
556946|Av Juan B. Justo, 1625 ,Buenos Aires, Argentina|-34.5861015|-58.4361115|-34.629375|-58.495031|-37.9989089|-57.5978687
556943|Av. Dorrego, 1735 ,Buenos Aires, Argentina|-34.5815697|-58.4429474|-34.591536|-58.447909|-34.5815253673469|-58.4429564489796
537622|122-16 18 AVENUE|-12.1217108|-77.0077972|40.783529|-73.845191|42.6373366|-87.8312682
537626|138-55 SPRINGFIELD BLVD|42.1080856|-72.6333771|40.673426|-73.755796|52.0410906|-0.7331469
537629|161-51 BAISLEY BOULEVARD|47.1867447|-65.8211899|40.677858|-73.780523|40.677354|-73.7809509
556947|Av. Juan B. Justo , 1658 ,Buenos Aires, Argentina|-34.5863304|-58.436203|-34.629375|-58.495031|-37.9989089|-57.5978687
556948|Av. Juan B. Justo , 1659 ,Buenos Aires, Argentina|-34.5862541|-58.4363098|-34.629375|-58.495031|-37.9989089|-57.5978687
537634|220-05 MERRICK BOULEVARD|55.1278458|-121.013237|40.679097|-73.74871|40.6790745|-73.7487228020869
537625|131-10 135 PLACE|53.7785645|20.4630795|40.669427|-73.802515|53.52558345|16.9344954409696
556950|Av. Libertador, 3883 ,Buenos Aires, Argentina|-34.5714264|-58.4231186|-34.591851|-58.376424|-34.5487407|-58.5920253
537628|157 BEACH 26 STREET|47.0376663|-103.8887329|40.593846|-73.75935|24.46238045|54.5924174783014
556949|Av. La Plata  , 731 ,Buenos Aires, Argentina|-34.6241188|-58.4275551|-34.626975|-58.426536|-34.6241438061224|-58.4274474591837
537635|220-27 137 AVENUE|53.5996361|-113.3204727|40.675338|-73.751051|40.894317|-93.0263079
537630|2028 GROVE STREET|35.8086967|-80.5521011|40.70791|-73.905889|32.721279|-117.1284029
537636|227-02 LINDEN BOULEVARD|44.1273384|-77.4968414|40.693065|-73.733943|40.6930647|-73.7339428
537633|217-08 CORBETT ROAD|46.8956566|-60.4716301|40.769765|-73.766927|51.5768249|0.0361853
537639|233-02 LINDEN BOULEVARD|44.1273384|-77.4968414|40.690839|-73.729077|40.6908414|-73.7290775991168
537640|23-81 38 STREET|-11.797267|-77.1718369|40.740687|-73.715676|24.4233026|54.5755617
556955|Av. Rivadavia, 10925 ,Buenos Aires, Argentina|-34.6389771|-58.517807|-34.617795|-58.436771|-34.6389779877551|-58.5177667795918
556952|Av. Nazca , 55 ,Buenos Aires, Argentina|-34.6298981|-58.4698105|-34.584418|-58.503475|-34.6299590183673|-58.4698631530612
556960|Av. Rivadavia , 7428 ,Buenos Aires, Argentina|-34.6309357|-58.4701271|-34.617795|-58.436771|-34.6309569265306|-58.4701130183673
556956|Av. Rivadavia, 1908 ,Buenos Aires, Argentina|-34.6094894|-58.3936272|-34.617795|-58.436771|-34.6094577630541|-58.3935864230625
537645|27-31 MC INTOSH STREET|43.7036514|-79.2541504|40.762597|-73.867582|29.785033|-95.3639229
556957|Av. Rivadavia , 3469 ,Buenos Aires, Argentina|-34.6106415|-58.4154816|-34.617795|-58.436771|-34.6107038163265|-58.4153380571429
537649|31-16 101 STREET|47.2667847|-79.4114609|40.745124|-73.982369|53.6999316|-113.2041307
556962|Av. Rivadavia, 9131 ,Buenos Aires, Argentina|-34.6362648|-58.492672|-34.617795|-58.436771|-34.6362838530612|-58.4926820836735
556958|Av. Rivadavia , 7217 ,Buenos Aires, Argentina|-34.6298943|-58.4671822|-34.617795|-58.436771|-34.6299288666667|-58.4672079
556965|Av. Santa Fé, 3651 ,Buenos Aires, Argentina|-34.5853767|-58.4152908|-34.585663|-58.416856|-34.5854441326531|-58.4153527367347
537655|33-10 38 AVENUE|27.8063641|-82.7225113|4.539032|-75.688807|52.2640237|-113.7852462
3026804|122 2nd Ave Nederland, TX 77627 United States|||29.97438|-93.9924|29.9954368187251|-94.0162048337939
556959|Av. Rivadavia , 7425 ,Buenos Aires, Argentina|-34.6306686|-58.4701767|-34.617795|-58.436771|-34.6307025612245|-58.4702033693878
537659|34-27 101 STREET|47.2667847|-79.4114609|40.75478|-73.867104|53.6999316|-113.2041307
537689|416 BEACH 30 STREET|46.9787483|-103.9856491|40.597638|-73.763095|24.46238045|54.5924174783014
556966|Av. Santa Fe , 4389 ,Buenos Aires, Argentina|-34.5797195|-58.4230919|-34.595093|-58.379052|-34.5796978979592|-58.4231969510204
537680|38-37 9 STREET|38.3270988|27.1216793|-37.821802|145.227121|25.2852392|55.3283581
554956|1055 St.John's Place, Brooklyn,NY, new york, new york, usa|40.6713715|-73.9433212|40.777116|-73.961357|40.676452|-73.9741089
537705|45-53 BELL BOULEVARD|44.4911804|-80.2065887|40.758871|-73.76809|40.785446|-73.7786759
556961|Av. Rivadavia, 878 ,Buenos Aires, Argentina|-34.6084137|-58.3788872|-34.617795|-58.436771|-37.3262936346939|-59.1470271693878
554955|1023 Longwood Avenue, Bronx, NY, new york, new york, usa|40.8167305|-73.896347|40.816714|-73.896332|40.81675055|-73.8962906926767
554958|1339 Lincoln Place, Brooklyn, NY, new york, new york, usa|40.6699219|-73.9321671|40.669901|-73.932079|40.669882372093|-73.9321520465116
554957|1115 Intervale Avenue, Bronx, new york, new york, usa|40.8266945|-73.8968353|40.76115|-73.96114|40.826262125|-73.8969415
554961|1920 Washington Avenue, Bronx, new york, new york, usa|40.8472595|-73.8975983|40.832162|-73.942842|40.84734935|-73.8976414672545
554965|2960 West 29th Street,, new york, new york, usa|40.5738602|-73.9952545|40.747402|-73.992078|40.5744404146341|-73.9953022926829
554964|225-241 East 118th Street, Manhattan, new york, new york, usa|40.7988892|-73.9376068|40.798842|-73.937647|40.796359|-73.9321999
554963|2065 Morris Avenue, Bronx, NY, new york, new york, usa|40.8537102|-73.9054489|40.790924|-73.942445|40.8535287142857|-73.9053894285714
554966|2961 West 30th Street,, new york, new york, usa|40.573822|-73.9959641|40.754796|-74.007066|40.57371995|-73.99602615
554969|535 Union Avenue, Bronx, NY, new york, new york, usa|40.8117104|-73.9058838|40.757025|-73.99387|40.8122870972222|-73.9055786527778
554968|3880 Orloff Avenue, Bronx, NY, new york, new york, usa|40.8840904|-73.8957291|40.884141|-73.89562|40.88413695|-73.8957965441121
537719|504 BEACH 64 STREET|31.4877529|-82.5826492|40.595267|-73.79331|24.46238045|54.5924174783014
554970|700 Rosewood Street, Bronx, NY, new york, new york, usa|40.8730736|-73.8669205|40.852063|-73.935132|40.873131|-73.866933
554971|810 East 152nd Street, Bronx, new york, new york, usa|40.8150787|-73.9049683|40.815271|-73.905117|40.8152713|-73.9051166
554973|890 Prospect Avenue, Bronx, new york, new york, usa|40.8208084|-73.9007034|40.769784|-73.98762|40.820568|-73.901139
554972|871 Westchester Avenue, Bronx, new york, new york, usa|40.8204918|-73.900589|40.764249|-73.980637|40.820301|-73.900571
556963|Av. San Martín, 6101 ,Buenos Aires, Argentina|-34.5949211|-58.5019112|-34.596504|-58.496746|-34.5950055|-58.5017085
